type,x_0,x_1,x_2,x_3,x_4,x_5,x_6,x_7,x_8,x_9,x_10,x_11,x_12,x_13,x_14,x_15,x_16,x_17,x_18,x_19,x_20,x_21,x_22,x_23,x_24,x_25,x_26,x_27,x_28,x_29,x_30,x_31,x_32,x_33,x_34,x_35,x_36,x_37,x_38,x_39,x_40,x_41,x_42,x_43,x_44,x_45,x_46,x_47,x_48,x_49,x_50,x_51,x_52,x_53,x_54,x_55,x_56,x_57,x_58,x_59,x_60,x_61,x_62,x_63,x_64,x_65,x_66,x_67,x_68,x_69,x_70,x_71,x_72,x_73,x_74,x_75,x_76,x_77,x_78,x_79,x_80,x_81,x_82,x_83,x_84,x_85,x_86,x_87,x_88,x_89,x_90,x_91,x_92,x_93,x_94,x_95,x_96,x_97,x_98,x_99,x_100,x_101,x_102,x_103,x_104,x_105,x_106,x_107,x_108,x_109,x_110,x_111,x_112,x_113,x_114,x_115,x_116,x_117,x_118,x_119,x_120,x_121,x_122,x_123,x_124,x_125,x_126,x_127
0,-0.0005918269,-0.0075994893,-0.008780889,0.009064045,0.0026158504,-0.0015888512,-0.010168101,-0.0026311204,-0.0083092125,0.002966366,-0.00067631115,0.002846792,-0.003639559,-0.001084732,-0.0030892342,-0.0073028184,0.0014359427,0.010130753,-0.006482409,-0.005825227,-0.0025112242,0.004730343,-0.004733486,0.0029046119,0.0020481423,-0.0064413236,-0.0031989408,-0.008055686,0.0049190125,-0.0077405013,0.0066273105,0.0093613835,-0.006166525,-0.0034225818,0.000531784,0.00018836562,-0.0013058909,-0.0053491797,-0.0011711258,-0.0009211959,-0.0031528566,-0.008226202,0.0043588555,-0.00932408,-9.934327e-05,-0.0049624457,6.5743334e-05,-0.0018805016,0.004699569,-0.0067435005,-0.0027209213,0.0011697895,-0.002189752,-0.0029871606,-0.0016949716,0.0048489245,-0.0017524116,0.0021277112,-0.004583071,0.00518662,-0.0012644526,0.0080403555,0.0036353366,-0.002010442,0.0027123196,-0.0020664912,0.002472371,0.00077263464,-0.0012847711,-0.006429062,-0.007667531,0.00019499077,-0.006595907,-0.0081770485,-0.0083276015,0.0019731133,-0.0072961906,-0.005666726,0.0017545832,0.0008829671,0.006879341,0.0037303048,-0.005869994,-0.0021706796,0.0049651545,-0.00017939412,0.0054547517,-0.003963001,0.006185716,-4.1345185e-05,-0.005743171,0.0043835384,-0.010395976,-0.008440197,-0.0044280495,0.007594273,0.0067520887,0.00079192163,0.0066022812,0.001956265,-0.0047441684,-0.0027270988,-0.0086896885,0.0024743017,-0.0070912982,-0.0026972499,-0.0014637407,0.005775381,0.004597882,0.0036595548,0.000730068,-0.00542098,5.7779725e-05,-0.0043406035,0.010089719,-0.008183235,-0.0070414343,0.00046990553,0.001752294,0.009274389,0.011266809,0.006618412,-0.006234459,0.009182817,-0.0061756377,0.0015775375,-0.0071954075,-0.0008200989
1,0.0035161118,-0.007192587,0.002630815,0.0020053496,-0.00042266364,0.0039812415,-0.004430442,-0.00077797717,0.00046376948,0.0028390156,-0.008168229,-0.0042956485,0.006130984,0.0011880321,0.0025438026,-0.0074801124,-0.0016125212,0.0027619281,0.002291175,0.0056990646,0.00034464654,-0.0025886619,-0.002750524,0.0078711035,0.004747233,-0.0070265247,-0.0013846881,0.0041824467,0.0012083541,0.0065640793,-0.0038792095,-0.00068998296,0.006110912,0.0042225593,0.0074822973,-0.0029828714,0.0017103438,-0.0049010194,-0.0038261765,-0.0056981784,-0.0071522635,-0.0028825821,0.0031566191,-0.0024079403,0.0014026099,0.0034142002,0.005682428,0.0019235972,0.0063366173,-0.0033175803,-0.004268476,-0.00046845223,0.005833064,0.0046071312,-0.006578318,-0.0031299284,-0.0066202763,0.0065546962,-0.0016502747,-0.0007258846,0.0053338455,0.0017459581,-0.005789454,0.005816266,0.004063316,0.006726253,-0.0038491427,0.0031893326,0.0038528026,-0.0038963677,0.0011369045,0.004577431,-0.0060217083,-0.0077098384,0.0059147733,-0.0032396936,0.006683105,-0.0018087903,0.007640218,-0.0050065345,0.0027865057,0.0035059222,-0.006211265,0.0033441554,-0.00570003,-0.0038757948,0.005003908,0.0073022875,-0.0017746917,-0.0029816725,0.000278635,-0.0009376957,-0.008654398,-0.0069883196,0.004457778,0.005484489,-0.0018794659,0.0034250007,-0.0010595097,0.0027864885,-0.005032349,0.0022502409,-0.005406776,-0.0053394544,0.0059663607,-0.006628308,-0.0025430901,0.0034783296,-0.006848213,-0.0033790402,0.001019336,-0.005399195,0.007519761,0.007024259,0.0071277255,0.0016572452,-0.0036411847,7.408504e-05,-0.001973624,0.0060769585,-0.0036918977,-0.006074279,-0.008182098,-0.005149079,-0.0046229777,-0.0015472849,-0.0027674327,0.00471877
10,0.0066848183,0.0016076992,0.0012813169,0.0034961766,0.0035179225,0.0053969156,0.0020170184,0.0027854599,-0.0021741446,0.0051155984,0.0031471532,0.006393598,0.0048862905,0.004875142,-0.008404844,0.002282836,-0.001867854,0.005673247,0.0058978405,-0.0043933736,-0.0066960515,0.0006680407,-0.004282728,-0.002150012,-0.0065305317,0.003988723,0.0034053298,8.997979e-05,-0.0030742078,0.0072150873,0.0022817613,0.0014177469,-0.008083566,0.0024999096,-0.0044875187,-0.004588007,-0.007230065,0.0017948387,0.007797857,0.0027566252,-0.003973501,-0.003099485,0.0086898785,-0.0076434514,-0.0049129147,0.004765391,0.0012366107,0.005933315,-0.0007194347,-0.0052289646,-2.0186068e-05,0.007864303,0.0050240206,-0.0018186588,-0.00083893747,-0.009509584,0.005183906,0.0057166456,0.0026320303,-0.005389475,0.0023712656,0.0019839355,0.002693311,0.006788918,-0.0026460395,0.0059721638,-0.002350879,0.007192604,0.00074908097,0.004799161,-0.0027395575,-0.0016585846,0.0021965823,-0.007048061,-0.0032747593,0.0004891207,-0.00038381535,0.0050712707,-0.0013321734,-0.000973585,-0.0053093964,-0.0045393086,0.0013855104,-0.0036278688,-0.0025912768,0.002875428,-0.0016173992,0.0049695116,-0.0023101908,-0.0065859365,-0.006000653,0.0028065383,-0.0051207086,0.005115528,-0.0050439825,0.0040526236,0.0031606168,0.006495922,-0.00094426237,-0.0035409133,-0.007873172,0.0040437942,-0.009399613,-0.0022817142,0.00086163136,0.0063454825,-0.0031430312,-0.000842072,0.003251892,0.0047411914,-0.0017703627,-0.0048775487,-0.001634755,0.0054545817,-0.0013828515,-0.0060401643,-0.004102997,-0.0017232973,0.0054355436,0.0015863067,0.010864255,-0.004820085,0.00064511277,0.009127088,-0.0067346776,-7.508958e-05,-0.008505585,0.005450974
11,6.837987e-06,0.0034005963,-0.004190089,0.0036061488,-0.0030899288,-0.007766005,-0.0034632636,0.00014305451,-0.007545619,0.00086427736,-0.005564403,0.0039594825,-0.00351795,0.00809921,0.0006934049,-0.0021548758,-0.0054572662,-0.004242539,-0.0031308916,-0.0026891206,-0.0070119454,-0.0020711,-0.0021019303,0.007811964,-0.0021236143,0.0035084866,0.00014055308,-0.0014086898,0.005098357,0.004940585,0.0017667183,0.00591504,-0.00650337,0.0041605844,-0.0005814127,0.003475767,-0.0025297017,0.0018729691,0.0048833364,-0.007273282,-0.0036181659,0.002249237,0.0007440371,-0.0005804,-0.002923085,0.0045972653,0.0061894124,0.006835494,-0.0020345212,0.007101158,0.0024596658,0.0052264174,-0.000648218,-0.0026259178,0.0035820664,0.00021885199,-0.008127388,0.0040879915,-0.006094952,-0.0078033395,-0.009091275,0.0031825702,0.0071557164,-0.0042486293,0.00046647308,0.0010270658,0.00030621584,-0.0078567,0.0021416557,0.004412953,-0.0024436722,-0.0036406778,0.0072128964,-0.0034661295,-0.00031725803,0.0029749102,0.003998964,-0.0044062836,-0.0014322117,0.0046716034,0.0014108407,0.0029727633,0.005298874,0.0051263105,0.0033660198,-0.003322879,0.007027058,-0.0036692077,-0.000412919,-0.0021285922,-0.0007760686,0.0069253948,-0.0013915322,-0.0075192335,-0.0013069774,-0.007246073,-0.0006229409,0.0021920765,-0.003000002,-0.006317514,0.0025924041,-0.0064907162,-0.002329779,-0.0050810897,-0.0066460343,0.006016446,0.0015388514,-0.0051497654,0.0035074532,-0.004963039,-0.00053425354,-0.0011180586,-0.0066336254,0.005725106,-0.0016252039,-0.0018109733,-0.0022255783,-0.0052807652,-0.0012551832,0.006867987,0.0069339797,0.0042882212,-0.0014889673,0.0014124267,-0.0062220655,0.00047574393,-0.006295402,0.00608379
12,0.007298879,-0.0063233427,-0.0017607613,0.0038416106,-0.0035854294,0.005729016,0.0022755736,0.0044034584,0.003004227,-0.0057774712,-0.007056975,-0.0006910847,-0.0032938954,-0.004832635,-0.0070586815,-0.0045785042,-0.006640256,0.0013088041,0.0057771695,-0.0065280106,0.0034914385,0.0069601084,0.0067013525,0.005492817,0.0005319609,-0.0034952685,0.00044568858,-0.00036202927,-0.0016270239,-0.0066577364,0.002100065,-0.003519562,0.0018718656,0.0024697715,0.0052389833,-0.0061187795,-0.0003263824,0.00048406338,0.004450426,0.00311514,0.0017576335,-0.008145665,4.2573854e-05,-0.00868842,-0.0065156524,0.006067379,0.0044279313,-0.00441463,0.007671361,-0.0022680878,-0.006848924,0.0035951247,0.0038624492,0.0019863867,0.00533346,-0.0021367318,0.0021814338,0.0034494894,-0.0052287816,-0.0028041552,-0.007109687,-0.0032898537,0.0051745423,-0.00041871527,0.0013269931,-0.0063403593,-0.0025485053,0.0048020952,0.0041225865,-2.0664029e-06,0.004002004,0.0053292867,-0.0074889944,0.0056624142,-0.008077335,-0.0058273785,-0.0022907644,0.0012239425,-0.00405035,-0.0004176309,0.0013269042,-0.0026275346,-0.0003822724,-0.0062932204,-0.0044636377,-0.005058644,-0.0013589205,0.0034027174,-0.006833963,-0.005636585,-0.002562667,-0.0076782894,-0.006584473,0.0050779846,-0.004308973,-0.0040392964,-0.0006554284,0.00596239,0.0062620123,-0.0027720183,0.0047791367,0.0053379224,-0.0098219495,0.0063098995,0.005568391,-0.00016879565,0.0025496744,-0.0035205968,0.0069435467,-0.0071026213,0.0073350705,-0.0039016008,0.0043774648,-0.004685912,0.009012682,0.0054767616,-0.005417651,-0.00284513,0.0019709368,0.0008645798,0.00018410475,0.0051209633,0.0027543302,-0.003660717,0.0025876805,0.0066595054,0.005277112,0.0026137892
13,0.0053361724,-0.0010393998,-0.0063614193,0.0020612245,-0.0034991535,-0.005752634,-0.002603289,-0.000705442,0.0059602414,0.0016759535,-0.006485726,-0.0045265453,0.004374043,-0.00089496316,0.006993076,0.0049508302,-0.00040654588,0.00019928897,-0.0060669635,0.0014052344,0.00048737595,0.008986757,-0.0011400634,0.0041104066,-0.0036449032,0.005194061,0.0073964843,0.0047280947,-0.0011290559,-0.0031497325,0.0045605125,-0.0037401756,-7.102949e-05,0.00719621,0.004262588,0.0070322463,0.0016681516,0.00036806174,0.0033289688,0.0036939434,-0.0026340904,-0.001412933,0.004898135,-0.00028804367,-0.0068486785,0.00466166,-0.0033120252,0.0041712215,-0.0075018303,0.0017862112,-0.0031565668,0.0055966782,-0.0029405807,-0.0065373867,0.0054904395,-0.008903593,0.0048392494,-0.0046220925,-0.0046931193,0.0064970683,0.0039555947,0.0048169955,-0.0044426196,-0.0016309811,-0.0015484522,0.0049154204,0.006071874,-0.0034329626,-0.0016350015,-0.007538172,0.005543377,0.0006770033,-0.005765088,-0.0057038786,-0.003071953,0.0024844122,-0.005194434,0.0031901256,-0.006143395,-0.0029250362,-0.0055815205,-0.0020492838,0.0059581636,-0.0065782033,0.0016484553,-0.0013726078,-0.001566812,0.006252029,0.007040341,-0.0075380653,0.0066187773,0.0022840768,-0.003934747,0.006629902,0.0057625477,0.0025522173,0.0023004226,-0.0027769033,0.0029837626,-0.004560791,0.005172141,-0.0033878717,0.0014770869,-0.005049132,-0.0011604921,0.0006597805,-0.0005289314,0.00376821,-0.0039066724,0.006075897,0.004928361,-0.0058913585,-0.0038312646,0.0068698977,0.0018328739,-0.0046783676,-0.0033194376,-0.004527477,-4.2546482e-05,0.0018660001,0.00772544,-0.0067228423,0.006226678,0.006814124,-0.00029545106,-0.0020162647,0.0058794757,0.0049420563
14,0.008125466,0.0016462571,-0.008764859,0.007561983,-0.0030324478,-0.008614929,-0.006453459,0.007730238,0.0060043014,0.0074185673,-0.0060516233,-0.0030048524,0.0016336899,0.006433094,0.0052052448,-0.0027402719,0.0007337276,0.006605692,0.002861672,0.0010200617,0.0051146476,0.0016109071,-0.0072757206,0.008877935,-0.008213457,-0.0031347931,0.010733504,0.0008970569,0.0078067714,-0.00379655,0.010407369,0.009367466,-0.003948131,-0.0030911546,0.0052230824,-0.003177696,-0.00448083,0.005874101,-0.0037998713,-0.0031006217,-0.0046413015,-0.0029723945,0.009390036,-0.0044844686,0.0022137058,-0.0057403706,-0.0069238357,0.0012768131,0.0003738369,-0.0049323277,0.0031814682,0.004441743,0.0110603385,0.005438707,-0.0075257747,0.00032578927,0.0032661182,0.0010987303,-0.0074860193,0.0024833549,-0.0109818,-0.00548469,0.0009690931,0.005797382,-0.0048930803,0.006527704,-0.004809644,0.00062575703,0.0009278304,-0.0070759705,-0.0005315805,-0.0002677457,-0.002978092,-0.001660577,-0.009902441,0.0023591248,-0.00036396325,0.006916429,0.003815602,0.0016727165,-0.005898651,0.0068938457,-0.0014146409,-0.009889991,-0.007141203,-0.007067435,0.005673817,0.004720709,-0.0019949237,-0.0057667606,0.0047002737,-0.0005704054,0.00096910505,-0.0021823258,-0.008313924,0.0053024613,0.007538915,0.0025232271,-0.00017964105,-0.0060029994,-0.002843918,-0.007614592,-0.011502953,-0.005691544,-0.008963632,0.0027818293,0.004202677,0.0050457567,-0.0009240249,0.007725962,-0.0014514871,-0.005632093,-0.0021394258,0.003535821,0.011504801,0.003948882,0.005586995,0.0050480906,0.0012953359,-0.003885571,0.010222344,0.006613021,-0.0054517174,0.009416947,-0.00016266214,0.0062856446,0.005189833,-0.003584004
15,0.0021413448,0.0022457882,0.0013815511,-0.0044748103,0.0036818567,-0.003781252,-0.009595561,-0.0014326122,-0.0050691357,0.007863673,-0.00080386625,-0.0028889948,-0.0017908484,-0.004376471,-0.004478182,0.0052049956,-0.00803499,0.00966329,0.005532077,-0.010549624,0.0021943606,-0.0050240196,0.0025043583,-0.005117834,0.0037514716,-0.0012922841,0.009467761,0.0047690975,0.00855351,-0.004221882,0.00033553195,0.0027771392,-0.004788605,-0.00018145611,2.4669753e-05,-0.0006117481,0.0050960192,0.008361885,-0.001737245,0.00509926,0.0045887036,-0.009225842,0.0010915435,-0.009482419,0.002387059,0.0015790078,-0.003929404,0.005521934,-0.005631473,0.0054250006,-0.005854551,0.0038520307,0.010398393,0.009478535,-0.0019250588,-0.001783697,-0.008351924,0.001791139,-0.0028767686,-0.00948889,-0.0073433877,0.0049622185,-0.0024986858,-0.003987139,-0.0017200065,-6.8626025e-05,-0.006957458,-0.0066330736,-0.0005475517,-0.0006281633,-0.001087965,0.006291996,-0.0044249594,0.005167206,0.0037636573,0.0013304674,-0.009998666,-0.0023215911,-0.0053435946,0.0057555847,0.00678585,-0.0015953239,0.005600196,-0.0060117804,-0.003976377,0.0012630863,0.0056743273,0.00059599156,0.001650987,0.005917372,0.006653209,-0.003245907,-0.0073926593,-0.00016110441,0.001932357,-0.0027511232,0.012075897,0.009561665,0.004391126,-0.00026869556,-0.007918276,0.00020263804,-0.011314693,-0.0035443574,-0.0023293286,-0.0076661953,0.0059703426,-0.0036701031,-0.0064488486,0.0059425305,0.007836989,-0.0020250995,0.00753619,0.0014755692,-0.0011810847,-0.0036895168,0.00011296988,0.0019746237,-0.007905465,-0.0019471048,0.0038368949,0.009363187,-0.002386763,0.007008829,0.0035365613,-0.0009778829,-0.006979703,-0.007203515
16,-0.0034500917,-0.0054677376,-0.0052183717,0.00029907984,0.00095281523,-0.0055354545,-0.0037904342,0.0037883823,-0.0073009636,-0.005039388,-0.00563975,0.0063441233,-1.912735e-06,-0.0066936864,-0.0025335164,0.005550099,0.0036521184,-0.003930155,-0.0032357269,-0.0024080223,0.006778738,-0.0029020337,0.0039379243,-0.0041185985,0.002018833,-0.0016242664,0.008425079,-0.0056519685,0.007634243,-0.0003053387,0.00822642,0.008512214,0.00024167314,-0.0042713224,-0.0006601456,-0.0077004638,-0.0010857141,0.0071400674,0.0009877603,-0.0052195834,0.0042163134,0.0011625501,-0.0043714847,-0.0047588996,0.00014461958,0.0055304454,-0.004009485,0.0037214656,0.002224569,0.0071089813,-0.0024922092,-0.0016016907,-0.0063402615,0.0036848327,-0.0032770603,0.0011668187,-0.0036302758,0.006919036,-0.0048432164,-0.0075850496,-0.0048790653,0.0020702546,-0.0017863611,-0.0037446935,0.005611796,0.004199746,0.0063871513,0.0050794156,0.0077821617,-0.0018355928,0.002369672,-0.0064070974,0.0027895502,-0.0057434104,-0.005638236,0.002069236,-0.004512149,-0.0056104017,0.0065762745,0.0012300797,0.0010477119,-0.0013916886,-0.006068892,0.0016155082,-0.008046274,-0.003127313,-0.0010070823,-0.00041633187,-0.0015666827,-0.0055993376,0.00454443,-0.004003515,0.0038569556,-0.008415153,-0.007851633,0.0068655787,-0.0020185746,-0.0018513942,-0.002986869,-0.002874087,-0.0031891246,-0.0057402295,0.001854269,0.0025450513,-0.0038840084,0.0057145082,0.0031194629,0.0071667954,-0.006106631,-0.00026247426,0.0021737332,-0.007976565,-0.0072292197,-0.004809996,-0.0049924273,-0.0057948995,0.000313504,0.006940592,0.006148429,0.0070493924,0.0024537256,0.0073267585,-0.005548662,0.004458401,0.0025167475,-0.0018109129,0.0006496847,-0.001674955
17,0.0032396065,-0.009951613,-0.0057447227,0.0059494656,-0.0058881594,-0.008746799,0.0036277513,-0.0023484817,-0.0063178,0.009381425,-0.0031740111,-0.0031568126,-0.0049087857,0.008449905,-0.0033628778,0.0028702035,0.0005502945,0.007359475,0.0027993342,-0.009995143,0.006630071,0.0057562613,-0.001507728,0.003933913,0.004148016,0.0031878087,0.006874355,-0.005024268,-0.004123045,0.0027017384,0.0077622,0.007525856,-0.0077176145,-0.0013105402,0.0071746116,0.0029220905,-0.00065460685,0.003404907,0.002851391,0.0029168027,-0.00404128,-0.0013108456,-0.005319838,-0.004979701,0.0005048979,-0.007154714,-0.005291399,-0.001851896,-0.00054486346,0.0007682487,-0.0056362962,0.0026159014,-0.0015076926,-0.0002568221,0.00028203716,-0.008146691,0.002164455,-0.006171666,0.004287208,-0.009379903,-0.008597152,-0.00084872486,0.0059842765,0.0077867853,0.004602154,-0.0017114364,-0.005906503,-0.0039001317,0.0021476096,-0.0041578826,-0.0006957564,0.0014325073,0.0018563553,0.0008290629,-0.008002696,0.0063894717,-0.009257071,0.004040021,-0.0013113202,0.0070373733,0.0005801349,0.00028164877,-0.0014360426,-0.0019741138,0.00434428,-0.0053357,0.01114299,0.0012938677,-0.0016180724,-0.008692013,-0.005290738,0.0051039094,-0.0077626966,-0.005828623,0.0012697591,0.0037324165,0.008992456,0.005707085,-0.007100901,0.0062601715,0.0016040261,0.0019875306,-0.011093974,-0.00170228,-0.0018250842,-0.007984964,0.00028432847,-0.00035729146,-0.004046407,0.008401607,0.0049475543,0.0021110896,0.0046298946,-0.0019844784,0.005888679,0.0015863287,0.008061403,0.004190113,-0.006708038,0.010760977,0.010232826,-0.0009496204,0.002707975,0.00012416525,0.0070216693,0.007993087,-0.006617175,0.0046795285
18,0.010150704,-0.0027577328,0.001217688,0.002615668,-0.005973005,0.0030323102,-0.0007113892,0.0015133383,-0.0061223414,-0.0039734393,-0.008573283,-0.0034644215,0.004196096,0.0018857914,0.0021758976,0.0028963448,0.00072262017,0.008774772,0.0032704773,-0.009973524,0.0009835667,0.0015031949,-0.0032485456,-0.0052877893,-0.0023757275,-0.0014184667,0.0020235525,-0.0019372312,-0.006156296,-0.0075022033,-0.004048528,0.0009916377,0.0028822294,0.007022808,0.005477792,-0.004324795,-0.003556701,-0.004934416,0.0026457554,0.0048393714,-0.005409462,-0.008653103,-0.0025718901,0.00233116,-0.0018575389,-0.0023295076,0.0017740958,0.0005271477,-0.0027894005,-0.004719501,0.0028683846,0.0018630185,0.004288786,-0.00093538634,-0.0031061,0.0015107216,-0.0078059197,-0.0048907883,0.0044428557,-0.0037464928,-0.00061571633,0.00027262754,0.0005250402,-0.0034399235,0.0041393377,-0.0058755246,0.0028702456,-0.006883224,0.006915267,0.0046275114,-0.00845012,0.002157596,0.003843377,-0.0014426498,-0.009892073,-0.0024132011,-0.00627858,0.003461679,0.004830704,-0.0015074188,-0.0050324216,0.0064250357,0.006264941,0.00035605175,0.00462114,-0.0065017976,0.008742336,-0.0034936573,-0.0025636612,0.00029146296,0.0029881839,0.0017479798,0.0030834808,-0.009627262,-0.0076783113,0.0023765715,0.009533507,0.0040258337,-0.0055109416,0.0010705743,0.0062642694,0.004411286,-0.001171781,0.003581713,0.0013859067,0.0028211384,-0.0009009172,0.0003601576,0.005051766,0.000519355,-0.0020931247,0.0058159214,-0.004961025,0.0008686845,0.0041390946,-0.00076849846,0.008299927,-0.00035056495,-0.005667641,0.003942331,0.010346559,0.007938682,-0.0026277723,0.0013603199,0.0049692304,0.004725413,0.0025780783,0.0009838805
19,0.010428798,-0.0019531081,0.0045469194,-0.0028627098,0.0031710693,-0.0044239988,-0.004834234,-0.006648448,-0.0041528097,-0.0012021968,-0.0052757952,-0.008319319,-0.00291983,-0.0051842225,-0.00070941186,0.003176338,-0.0029433984,0.010252206,0.001765698,-0.0014234224,-0.0041420334,0.0028803227,0.0011338335,0.0070890705,0.0012319904,-0.0041047824,0.0047980584,-0.002727017,-0.004906679,-0.0018369008,0.0014900711,0.006746094,0.004218909,-0.0010305819,0.0019711084,-0.007220106,0.0054790727,0.008331308,0.0032259373,-0.007071695,-0.0067782584,0.0045387517,-0.003907527,0.00064313965,-0.00017084666,-0.0066511105,-0.0030054722,0.005637476,-0.006232772,-0.003988207,0.0040083914,-0.005016944,0.003474718,0.0022895976,-0.0024867763,-0.0021444715,0.002623891,-0.0006033819,0.0021504548,-0.0048330184,-0.0033580074,-0.0009030986,0.0034432015,0.008048118,-0.003838522,-0.0011550913,0.0018924022,0.002873808,0.0051695528,-0.0070922766,0.0050891684,-0.005867286,-0.006337943,-0.0035439732,-0.004210275,0.0032084081,-0.0021915159,0.003989682,-0.002974529,-0.007064684,-0.0040139738,0.007885308,0.0030275169,0.005516175,0.0009905199,-0.009202252,0.0010377815,0.0072653624,-0.0014128083,0.0040154937,0.00025531586,-0.0070828,-0.0062051597,-0.004101787,-0.0012012945,-0.007146657,0.0004440287,-0.002688884,-0.007980597,-0.002588421,-0.002761659,0.003545928,-0.010645813,-0.0034578806,-0.009184399,0.0029761866,-0.0018711061,-0.0026534004,-0.0037254156,0.0016099788,0.005236139,-0.0044146967,0.002970317,-0.0013214287,-0.005002469,0.004789391,0.006245443,0.0021314416,0.004084961,-0.0016003437,0.010831832,0.0042743958,-0.0050380435,-0.0043593887,0.0011526468,-0.0017106894,0.003930894,-0.0063486407
2,0.01523671,-0.0036447886,-0.0013949762,0.0077134552,-0.0008920737,0.00039788886,-0.010563008,0.0042859786,-0.0043425974,0.0020402772,-0.004858525,-0.0098213805,0.0070133526,0.0096256845,-0.0062125726,-0.0009129733,-0.0017255043,0.011777023,0.00054955494,-0.003503712,-0.0012590705,0.0004348494,0.00457552,0.0063697104,-0.010452812,0.0049262387,0.0075850394,0.0066848844,-0.00019676817,-0.00073596626,0.006904292,0.008547488,-0.003035953,-0.00093174085,0.00017936942,-0.0005726278,0.0053523835,0.009308597,0.003782219,-0.009014016,0.0041114828,-0.011068388,-0.0018218755,-0.010882591,-0.00051543186,0.0029836455,-0.00070327404,-0.0060457806,-0.00065207825,-0.004507186,0.002266696,0.0005029533,0.012583065,0.010121354,-0.0007359844,-0.0033112774,0.0022137882,-0.0024893102,-0.008317863,-0.0073616947,-0.013346261,0.0027052686,0.00611727,0.009286212,0.009323143,-0.005311684,-0.0053535234,-0.0012939619,0.0018728471,-0.009898175,-0.0020254028,0.0065683653,0.0017703224,-0.0010199152,-0.0034826365,-0.007305343,0.00149397,-0.0058623054,0.0061526825,-0.0059774253,0.0037819762,-0.0038990448,0.00096479594,-0.00925609,-0.007825085,-0.0018094046,0.013523929,-0.0018755903,0.0049738344,-0.009000374,0.0032076861,-0.0028223037,-0.009186558,-0.0059700143,0.0061398083,0.0063881143,0.012246126,0.007021834,0.004451576,-0.00041987878,0.002744809,0.0050354176,-0.013487987,0.003985303,-0.005007851,-0.009447537,-0.0075788493,-0.0058736037,-0.00074810564,0.0014427629,0.0053860317,-0.006066063,0.0074041844,-0.0068101897,0.0036069807,-0.005050783,-0.000624077,0.008722731,-0.003600149,0.011511166,0.0064328876,1.9159626e-05,0.0022346429,0.001841227,0.0067439717,-0.0021385485,-0.0038118225,-0.0001098211
20,0.008875811,-0.00469334,0.00075082557,0.0070100343,0.0003035038,-0.0052953516,-0.0022491198,0.0021221016,-0.00550802,0.0061369753,-0.009277688,0.006848152,0.0069321673,0.007954401,-0.005918684,-0.0075111836,0.0072116675,0.0010888982,-0.0033264505,-0.00081564154,-0.0007738097,-0.003995709,0.0043871454,-0.0009773514,-0.009995927,0.0015414451,0.009096766,0.0050666807,0.008108667,-0.0060733454,0.0032684305,0.0073389155,-0.0075336327,0.0075569227,0.0024463963,0.001537832,-0.0010012445,0.0073622405,0.0006640122,-0.0046721282,-0.0049819974,-0.009365165,-0.0030683812,-0.007153134,-0.001285732,0.0060387105,0.00288202,0.003906517,-0.00745793,9.9458295e-05,0.0041836165,0.0012337762,0.0047848383,0.0037905236,-0.006571977,-0.0047701783,-0.0030633651,-0.0016846656,-0.0065347594,-0.0006992119,-0.004567396,0.0009776489,-0.004686593,-0.0031428228,-0.0010121079,-0.004904622,-0.007599086,0.002373924,0.008366286,0.0045515993,0.0063381274,-0.0059703514,-0.0028340463,-0.0013709915,0.004364853,0.0034416828,0.003256779,0.004210213,-0.0038673892,-0.004882963,-0.0027087785,0.006476061,-0.005893891,0.002173555,0.004098855,-0.007435539,0.0067320867,-0.0029154194,0.0019765138,-0.0021950786,0.004214864,0.005786413,-0.007244664,0.004737752,0.002092076,-0.0015526414,0.006550217,0.004616645,-0.004173584,-0.0041799066,0.006627565,-0.002242566,-0.005774914,-0.007360007,-0.002445975,-0.0021867182,-0.0049749212,-0.006665703,-0.0005057975,0.006047949,0.006362256,0.0023219204,-0.0047740582,0.0016444217,0.007570382,0.0010568432,0.0072113583,0.007800808,0.0029459107,0.003902051,0.0073823123,0.00084438326,-0.008631445,-0.002743743,-0.004058172,0.0041375677,-0.0048156315,0.0065176357
21,0.0008155154,-0.0047168997,-0.0006326893,0.00074576784,0.004207462,-0.0051281042,-0.00031874634,0.0025293904,0.002654476,-0.006447124,0.0045892354,-0.007855015,-0.0056934627,0.0049960148,0.0020316634,0.0010241928,-0.0029960165,0.008287836,0.004614698,-0.0022715111,-2.7019654e-05,-0.004873967,0.0012657447,-0.0024434535,0.0055602025,0.0040368494,0.007755047,-0.0014128842,0.004995253,-0.0063610952,0.0011093067,0.010673798,-0.0054698936,-0.0013224508,-0.0048366343,-0.0001679177,-0.0040957443,-0.00070111855,-0.00093739794,-0.0057540205,-0.0010699829,0.0031773183,0.0074392166,-0.0074797855,0.004499638,0.0028714722,-0.006541512,0.007078113,-0.006882543,-0.00089189224,0.0040971497,-0.0005801343,0.0039498294,-0.005563806,-0.0012355335,-0.006395988,0.0038919218,0.0022723672,-0.0010420894,0.004533363,-0.010339834,-0.0067496067,-0.007022127,-0.0049681994,0.005274284,0.0024050153,-0.004502524,0.0041381996,0.0021333343,-0.006035693,-0.002512993,0.0058049965,0.0070577874,0.00605007,0.0008454454,0.0057207197,-0.0031335126,0.007227652,0.0048443214,-0.0070161247,-0.0017562851,0.0056069097,-0.0038109368,-0.0062784227,0.0024469078,-0.0011120307,-0.004565415,0.0078086383,0.0019881949,-0.0013271904,0.0028522,-0.001224032,-0.006520413,-0.0054887077,-0.0066694664,0.0022338287,-0.0016036835,0.009400538,0.0063037914,-0.0047992677,-0.0074914824,-0.0005062195,0.0036589399,0.0070079975,0.0007002891,-0.0065551233,-0.0014349947,-0.0046313326,0.0009477173,-0.0029874812,0.0031827225,0.0027098833,-0.0025406915,-0.0033100545,0.0060902587,0.004561967,-0.00055841496,-0.0030337705,-0.0049750716,0.008825417,0.004077488,-0.0031247416,-0.0030620003,0.0008452112,0.00781678,-0.0015468574,-0.0076159346,-0.006823075
22,0.0021045294,-0.009239897,-0.000880185,0.008649911,0.00209281,0.0008054068,-0.0025559252,0.0066988207,-0.002793933,0.0045443624,0.00070198474,-0.003987113,-0.002293388,0.0067559946,0.0061472785,-0.0070762965,-0.0031071396,0.009295207,0.00013324944,0.0047862167,0.0032247263,0.009179372,0.0026049507,-0.0007400711,-0.009073284,-0.0026061523,-0.002622823,0.0060086236,-0.0020110703,0.0013508868,-0.0027818063,-0.003746673,0.004576709,-0.0011678321,0.002863953,-0.007387985,0.0024963727,0.0029028861,-0.0043200185,0.004187496,-0.0023235842,0.0056407913,0.0075417934,0.00536176,-0.0072040414,0.0024325568,-0.00015281151,0.002864137,-0.006421705,0.004066039,-0.001239507,-0.006460603,-0.0030327474,0.008686959,-0.00042637764,0.005376695,-0.002214903,-0.0028665483,0.0062813745,-0.0050701,-0.009084611,-0.0021435258,0.0053458167,-0.0028883049,-0.0014554142,0.0032774215,-0.004206553,0.004103171,0.008598484,0.0021629427,-0.0042175693,-0.003777289,0.0009741503,0.0037553278,-0.0043535884,-0.0060263723,-0.0018386574,-0.0065575903,-0.004785628,-0.0042201336,0.00797251,-0.0028446047,-0.0029473659,-0.009469814,0.0030812393,0.0018258909,0.003191253,-0.0030963302,0.0064960266,-0.006408932,0.0032568735,-0.002538066,-0.005061247,0.0036273834,-0.007012431,-0.0061127665,0.002690767,0.004112092,-0.0058617163,0.0072341,0.0041535012,0.0029905806,-0.0050078663,0.0043060635,-0.0016672157,-0.007013072,-0.0025192734,0.0029145947,-0.0065491344,0.008282503,0.006655061,0.0035536536,-0.0008273782,-0.0021353,-0.0010987866,0.0017780147,0.00045894552,0.00335906,-0.0010218902,0.00581395,-0.003122049,-1.7191825e-05,-0.007262814,0.009333668,0.004063887,0.0061204135,0.003902366,0.0014508417
23,0.004021884,-0.009831779,0.0011572874,-4.6413334e-05,-0.003829433,-0.0039377827,0.0011888412,-0.0017886871,0.0007266688,0.007080117,-0.009714211,0.005327308,0.002276315,-0.004192789,-0.0025450638,-0.0059580267,-0.005496905,0.008115586,-0.003177215,-0.005640084,-0.005514971,0.0013312802,0.0016247209,0.0049194456,-0.0069450857,-0.0061098775,0.0027048145,0.0018097659,0.0026061537,0.0044485903,0.0111011015,0.012931305,0.0034947335,0.0033714448,0.0028466326,-0.0052410155,-0.0028287354,-0.0017665342,0.00935284,-0.0031055522,0.000383771,-0.0044217715,0.0047794185,-0.007431805,-0.007721646,-0.00861543,0.003472082,0.005781891,-0.0067386515,-0.0037628291,0.002493488,0.0064461343,0.011310666,0.0018756649,0.0012774338,-0.007146417,0.005847106,-0.0045045363,0.0044578677,-0.009412522,-0.01058277,-0.004052499,-0.0064369445,0.0005903747,0.00807719,0.009479507,-0.0044793333,0.005673823,0.0055094054,-0.008055697,-0.008923298,-0.0028646272,-0.0073166043,-0.004279694,-0.0041498323,-0.00051858614,-0.0025504893,0.0025431851,0.0016655914,0.0027718989,-0.006436534,0.0013584312,0.008443492,0.0037076836,-0.008212524,-0.0019130643,0.011690148,0.0025254132,-0.00013025623,-0.0009244746,-0.00083799445,-0.0070905075,-0.0053629777,-0.0061571584,0.0016141114,-0.005966056,0.012526229,-1.6138583e-06,-0.0012677868,0.0065577254,-0.0009564471,0.006185178,-0.014711894,0.0037374191,-0.002104536,5.9349964e-06,-0.0077957585,-0.0011775095,-0.00044361516,-0.00057976006,0.0064976825,0.00076342927,-0.00038799157,-9.7264245e-05,0.00045227198,-0.0015807713,0.0046376702,-0.0017100956,0.0037511338,0.007073653,0.014346843,0.0012018486,0.004987875,0.010747342,0.0054866783,-0.0015453693,-0.0057115033,-0.0047897934
24,0.011275533,-0.0068653096,0.0013509504,0.006637495,-0.0065230587,0.0010525861,-0.001184594,0.009170538,0.004883294,0.0057569137,-0.002734456,-0.0027356439,0.0065292646,-0.0034551236,1.7078755e-05,-0.0032661443,0.0051902924,0.004057421,-0.0050036744,-0.009030032,0.0006713848,-0.002246756,0.0019802898,0.0007401615,0.0033642454,-0.005247225,0.007944778,-0.006503858,-0.0064733457,-0.006071476,-0.0055691362,0.0019452089,-0.008044642,0.0064648143,-0.0054186215,0.0026064902,-0.0018762716,0.007276717,0.0074555576,-0.0077406005,0.0050761797,-0.010363413,-0.0030868517,0.0013610581,-0.005194709,-0.003618698,0.006015291,0.005488017,0.0023366248,0.0034408893,-0.008464408,0.0058012526,0.0052187303,0.0046137176,-0.0015394567,-0.00045108507,0.0023675945,0.0029902488,-0.007768681,0.0039899824,-0.011575266,0.0021767248,0.0051927473,-0.0016504524,0.0064443876,-0.00011893148,0.004969002,-0.002407105,-0.0070001357,-0.0030539571,-0.0062877866,-0.0011393838,0.0011782782,-0.007609533,-0.0026675994,-0.004962201,-0.0055304565,-0.0018324561,0.0007207905,-0.0022726303,-0.0043857535,0.001279447,0.0025997267,0.00027706573,-0.0034635698,0.0036117104,-0.0013457148,-0.0011194993,0.007077681,-0.0023635097,0.0071870377,-0.0059753787,0.0027861395,-0.008582022,0.0010018635,0.001614932,0.009623256,0.009386823,0.0029568016,-5.6081426e-05,0.0023130889,0.005560088,0.00071543735,-0.00570024,-0.0016035486,0.004716218,0.0006327912,-0.0028432626,-0.0061925366,0.001838441,-0.005749316,-0.009471025,-0.0006863385,0.0015719992,0.008293798,-0.004097084,0.0061495225,0.005373576,-0.00031252883,0.008964657,-0.001614358,-0.0012126981,0.004691985,0.00278561,0.0083722975,-0.0032531433,-0.0009429634,0.0049246596
25,0.0054760543,-0.01292583,-0.0013477152,-0.0026948634,-0.005144105,-0.0017550595,-0.0026690213,0.0067838025,-0.0035613813,-0.0014808914,-0.0057120323,-0.007289312,-0.00530207,-0.00071320834,-0.0027336262,-0.006521357,0.0070212055,0.011453523,0.0042386535,-0.0029407688,-0.0034785648,0.010054091,0.00684448,-0.0004364648,0.00012618762,-0.0014384278,0.002103395,-0.0077538886,0.0070680175,-0.0029689195,0.0019911209,0.014218328,0.004575906,0.0054519353,0.0068714535,-0.002743512,-0.0033377518,0.007596136,-0.0013099145,-0.0037746825,-0.0063091638,-0.0010166137,0.001762611,-0.004463032,-0.009319337,-0.005559367,-0.00084541616,-0.0069202622,0.0048857853,0.00069991825,0.0038943323,0.010238046,0.0076751616,0.011193596,-0.0020939256,-0.00162773,-0.0017702788,-0.008851754,0.004320855,-0.009902765,-0.0074999076,0.0068493225,-0.0069482457,0.006242661,-3.2571264e-05,0.008754958,-0.0009409094,-0.0027352183,0.0056018466,0.0022184544,-0.0035951645,0.00093233277,0.0025540534,-0.005181691,-0.008372475,0.0056069274,-0.011811441,-0.0039506597,-0.0019072862,-0.006799915,0.0022855066,-0.0045862994,-0.0038637614,-0.010961427,0.003920852,-0.0053393953,0.014276322,0.0022988557,0.006307814,0.00014870349,0.0017922121,-0.0062339283,-0.00470084,0.0013604979,0.0006746565,-0.0031169646,0.015985554,0.0035112393,-0.0071148016,-0.00049924455,-0.0009913516,-8.99866e-05,-0.012249352,-0.0022883613,-0.0029715125,-0.00058545853,-0.0032577952,0.0024107485,0.0023303414,0.00080774166,-0.00461739,-0.0011813672,0.01002826,-0.0011520591,0.010064994,-0.008614112,-0.0021827265,-0.0051408294,-0.0043924656,0.005523369,0.0070832414,0.0037620072,-0.0004950017,-0.0023504898,0.0038954597,0.008984134,0.0029162806,-0.00037295654
26,0.00077609776,-0.0026053973,-0.0007471398,-0.0054814317,-0.0032368933,-0.005115981,0.00035292152,0.008731461,0.0019349633,0.0026194495,-0.009530138,-0.0070112767,0.0036640065,0.0019125214,-0.0061966632,0.0027506028,0.003105967,-0.0022216928,-0.0055699744,-0.0053885547,-0.005600569,0.008260094,-0.0018866996,-0.00066910876,-0.008169601,0.0062318756,0.0028832653,0.0075199604,0.0021461528,-0.004742146,-0.0038685545,0.0026956596,-0.0060911872,-0.0016359381,0.0066475277,-0.008038793,-0.0067018676,-0.005986735,0.0090981,-0.0069111786,-0.005941274,0.0010924026,-0.004802944,-0.009595967,-0.009599874,0.0019007649,0.0023501902,-0.0047444035,-0.0027356253,0.0037219666,-0.00842774,-0.0019355788,0.008806563,-0.0020277773,-0.0038335905,-0.00825835,-0.0056170407,0.002584345,-0.007926516,0.00586557,-0.008104151,0.0074230195,-0.007264416,0.00516467,-0.0044862926,-0.0006439922,-5.7986967e-05,-0.0031068674,-0.0063356254,-0.0008986582,0.0032123285,0.0010310136,-0.00065729505,0.0021490792,0.0050019557,0.004455809,-0.0087553365,0.008289741,0.0004161163,-0.0026298724,0.00366109,0.0027888967,0.0007595721,-0.009156705,-0.006092804,-0.0054114177,0.0107651455,-0.004754993,-0.00080464466,-0.0034798847,-0.0017007438,-0.008736878,0.0036379427,-0.00021096224,0.005851052,-0.0076778,0.0053721745,0.0021129486,-0.0022435545,-0.00015698667,0.0072309007,0.0059856856,0.0023645973,-0.0053399475,-0.009003917,-0.0074509475,0.0035429245,-0.0014447871,-0.0006840324,-0.0001115988,0.0014896115,0.0040162783,-0.0058485726,0.005860061,0.009521458,-0.0031593023,-0.0028312937,0.007468562,0.0008807828,0.009694557,0.0064546447,-0.0052427067,0.00087177265,0.0022366014,0.0010629054,-0.0039449017,-0.0021325338,0.0014546564
27,-0.0004911043,-0.0015850528,0.0029177929,-0.0040032626,-0.0072282585,-0.0008519499,0.0025831934,0.0022190565,-0.00030325894,0.0049981866,-0.003469587,-0.0036063313,0.005663962,0.0066907294,0.0033272547,-0.0067023844,0.0018693691,0.002443278,0.008252091,-0.0045199604,-0.0059401,0.0065778284,0.0060367817,0.005750013,-0.0067090187,0.0017557673,-0.003617868,-0.0016685025,-0.0027115275,-0.0053426707,0.008272643,0.00095384463,0.0005130628,0.0033131966,0.007927508,0.004309311,0.0024931352,0.002640721,-0.00070942816,-0.006182352,0.0016219963,-0.009002664,-0.0057381974,0.001066853,-0.0004802872,-0.00088621164,-0.00499418,-0.004036637,0.0073519787,-0.0020065766,-0.0032508876,0.0043705334,0.0059027392,0.0036496548,-0.005542745,-0.008940972,-0.0008158133,0.0014690378,0.0044123703,0.006073512,-0.0053226477,0.006717809,0.006769629,-0.0003697847,0.007858197,0.007070307,-0.008380387,0.003930906,0.0068577547,-0.0037807478,-0.0007807956,0.0037276044,-0.0044495054,0.0010574614,-0.0037360364,0.0040746853,-0.0072820643,0.004929063,0.0005362418,0.004270786,0.0008243852,-0.006442337,0.00587447,0.0031506363,-0.00039235034,-0.009122097,-0.0019516508,0.0007887276,-0.005766128,-0.007377675,1.4158808e-05,0.0042941775,-0.0064135725,-0.0050240005,-0.0006257892,-0.004764509,0.004484533,0.0063974634,-0.0071607935,-0.001289942,-0.0057781925,-0.0010927002,0.0033872537,-0.005029995,-0.0070944177,0.004594736,-0.008033374,-0.0071209455,0.005702234,0.007643388,-0.0061667943,-0.0011664132,0.006181605,-0.0020502084,0.0022162858,-0.0043469244,0.006561086,0.003962649,-0.004460963,0.0026213194,0.006900255,0.0048506083,0.0008833548,-0.0029712354,-0.004125237,0.006746604,-0.005056204,0.006326282
28,0.0008059843,0.0051301387,0.0011389059,0.00415456,0.0011185826,-0.008184482,-0.008454511,-0.0060968604,-0.0021644647,-0.0008816831,0.0047815,-0.008092275,-0.00015088705,0.001752241,0.0026618931,0.004213871,-0.001273339,0.0054121236,0.006353728,-0.009379796,-0.004942131,0.008119329,-0.0072608623,0.0041586505,-0.0015908389,0.003534125,0.008715613,-0.0071881698,0.003274746,0.0041047875,0.0060928655,0.006964672,-0.00630651,0.0028017634,0.006940369,-0.006604223,-0.005404956,0.0024311938,0.0017699847,-0.004530688,-0.0023148614,-0.00889763,0.005544765,0.0050212387,-0.0045356825,0.0017967666,0.006241733,0.0049417717,0.0042720325,-0.0062242057,0.0053684465,0.006411472,0.0074422234,-0.0059508793,0.007176833,-0.00403591,0.005310596,-0.0021811214,-0.0019612792,-0.007761793,-0.008894048,0.0003639143,0.0011094441,-0.0003509133,-0.0017430669,-0.005870438,-0.008793115,0.0014897475,-0.0049988125,-0.004572325,-0.0016448076,0.0017058238,0.006345179,0.0027847234,-0.0077802204,-0.0013725328,0.0030460737,0.003578606,-0.0030694818,0.006927541,0.002527533,0.0023066297,0.005474297,-0.00044521355,0.003668583,0.00432194,0.008255142,-0.0017379443,0.006780306,0.00617409,0.0031077683,-0.003594656,-0.004955625,-0.005366001,-0.0026133494,0.007391198,-0.0020941382,-0.0035831088,-0.006248557,0.0027315177,0.0010666928,-0.001930373,-0.00073845417,-0.0077594784,0.0024208433,-0.0031014574,-0.0037387642,0.007486398,0.002695221,-0.0022890077,0.002868346,-0.006638715,-0.00017107771,-0.0066113346,-2.381522e-05,0.0029452238,0.0061716004,0.00382923,-0.0075706085,0.003933459,-0.0010420354,0.0053777145,0.003111115,0.0041818004,-0.0017368286,0.0007146829,-0.0060714884,0.0063395603
29,0.010053826,-0.009113339,-0.0040876684,-0.0002783052,0.0035743627,-0.005297331,0.0041408148,0.0008448321,0.0062088803,0.0011107416,-0.0072774854,0.0023013502,0.0017818804,-0.006522971,-0.008198284,0.0027870191,0.0039376635,0.001667148,0.003655583,0.0004215825,0.0046009272,0.008499462,-0.004987935,0.0050496515,-0.0011090706,0.0051793363,0.0020114437,-0.004319404,0.0031124474,0.004182934,-0.0040276544,0.0068063834,0.004001257,0.0068850997,0.0079416465,0.005818887,-0.0036444396,-0.005543105,-0.0057108616,0.0058254045,0.0053015565,-2.4232175e-05,9.155264e-06,0.002797394,-0.003790976,-0.0026841492,0.003198137,-0.0016846439,-0.0064463085,0.0036721944,-0.0076250276,0.0063524577,0.00025039012,0.0015083282,0.004577626,-0.005795716,-0.004366579,-0.0075271437,0.0036346568,0.003440026,-0.0032637075,0.0005623568,-0.0028678514,-0.0018800506,0.0020674432,0.0063500926,-0.00085210387,0.002087564,-0.0007098548,0.0011570929,-0.00783475,0.004397264,-0.0061041457,0.001452695,0.0021589918,-0.0016130717,-0.008858554,-0.00077483925,-0.002252154,-0.0057234378,-0.0025345304,-6.112614e-05,-0.0019796358,0.001055122,-0.0040056086,-0.0049029086,0.0020331908,-0.0019527997,0.0070746345,0.002766883,1.6197419e-05,0.000727715,-0.005526526,-0.0073928754,0.003943046,-0.0033682405,0.009177228,0.004740675,-0.003976794,0.0026683633,0.002759484,0.003053572,0.0020535998,-0.0020376588,0.00377642,0.0066958372,0.00573463,-0.0034140274,0.0065701082,-0.0020867214,-0.0063825343,0.0046956157,0.0074140276,0.0035382416,0.006022775,0.0034670704,0.00587252,0.002800943,-0.0036171877,-0.0046812017,0.0020099,-0.005486251,0.002334634,0.009014976,0.0035520662,0.004523687,-0.007286097,-0.0039047222
3,0.0036388692,-0.007100024,-0.0011918861,0.011006963,-0.0049800845,-0.0013758255,-0.009410262,0.0003019571,-0.0008610987,0.006842462,-0.01174619,-0.0010742402,0.0073911697,0.005748247,-0.0065184855,-0.0052553355,0.0016483378,0.010960328,-0.0035226305,-0.010455083,0.0032578479,0.006933611,-0.007463647,0.002681707,-0.0064532054,-0.00011026889,5.136772e-05,0.0003694141,0.008801055,-0.0055508334,0.008678772,0.0075386623,0.005291531,0.00538288,0.0027220119,-0.0085456595,-0.004711278,0.0049370653,0.0098812645,0.00018543164,-0.006916241,-0.009943587,-0.0032209302,0.00043006847,-0.0037883602,0.0004803966,-0.0053454097,0.0052742003,0.0039688856,0.0017987923,-0.0063584847,0.00722562,0.010605753,-0.0022532002,-0.0031081147,-0.002183758,-0.005098832,0.0013953773,0.0014944494,0.004149098,-0.0101274755,0.0085079,0.0073373374,0.008260417,0.006842054,0.0031769222,-0.0026414935,-0.007974528,-0.006308418,-0.009931572,-0.0072084893,-0.0049388725,-0.00036719002,0.0064349584,-0.010852416,0.0010916576,-0.004434583,0.0003464975,0.0032025683,0.0007390763,0.0026477072,-0.00036201242,0.007053085,-0.0065052295,-0.0033379325,-0.011309817,0.013423947,0.0022860004,0.0019071801,-0.000887791,-0.0030477475,0.0027140568,-0.010556037,-0.002287906,-0.0038992418,-0.0013751632,0.013767761,0.0065737027,0.0046225158,0.0016910532,0.004300375,0.00067582243,-0.011262008,0.005753876,0.00018153916,-0.0055849175,0.0017758112,-0.0021622765,-0.006651197,-0.0013994751,-0.0036233866,-0.0065250685,0.004941388,0.006182721,0.0043408833,0.004105528,-0.0025197498,-0.0005804504,0.005936574,0.004315824,0.011692248,-0.0030668785,-0.0005696596,-0.0040918374,0.0052921064,-0.005301467,0.0023139534,-0.0022733193
30,-0.0024348386,-0.0005830155,-0.0014359652,-0.001720154,0.0032970367,-0.0019774453,0.0015496968,0.0012145237,0.0019735454,0.0018322457,-0.005721812,0.0033152807,0.005105041,-0.002665345,-0.0009460884,-0.0038247814,0.0019708122,-0.003536887,0.0010661486,-0.004460895,-0.0022020126,0.00083996076,-0.001615759,0.0007280863,-0.009211933,-0.005689524,0.007486142,0.007630182,-0.005709931,0.005242479,-0.0021186848,0.0023018715,0.0024020916,0.003259787,0.0076532713,0.004203992,-0.0033026354,0.0085617285,0.0010601651,0.0009525254,0.004170038,-0.008055144,-0.0023750775,-0.0035456398,0.0021905852,-0.0030357486,-0.005768108,0.0040131425,0.006947241,-0.0030624804,-0.0028357783,-0.0036056594,0.0044111703,0.0016070217,-0.0003238117,-0.009221803,-0.0014898577,-0.0053214594,0.0069311466,-0.003964485,0.0017179619,0.004478152,-0.000949533,-0.0010073798,-0.0041831997,-0.0057342704,-0.0066573233,-0.0048958184,-0.0063130544,0.0043676035,-0.0060507217,0.00048247186,0.0021309787,0.004996446,0.004705653,-0.00077156024,-2.3591841e-05,-0.00069806154,-0.006518461,-0.0012568939,0.0055954526,-0.001395561,0.008762733,0.005385533,-0.0071152034,-0.00960079,0.007571058,-0.0011317146,-0.0035233838,0.0060241735,-0.006533487,-0.000416284,-0.0018365822,-0.00770379,0.0033146322,-0.0017394582,0.011111083,-0.0016149377,0.006180775,0.00056655484,0.0033973316,0.005453008,-0.006858285,-0.0016494766,-0.009015538,-0.008382184,-0.0029902072,0.001290847,0.004226317,-0.006716895,0.001571836,-0.0018066885,0.0015835013,-0.0013441155,0.0035714894,0.0035741343,0.0023649551,0.0033209913,-0.0055011907,0.00839366,0.0016657315,0.005422001,-0.0077665206,0.0042756954,0.00848744,0.0028557894,0.005850046,-0.003158893
31,-0.0012119659,-0.0009466585,0.0046155294,-0.002253975,0.0026459943,-0.007389082,0.0026713104,0.0017911854,-0.00055004546,0.0012407618,0.0033578987,-0.0061115474,0.001953864,0.0042508477,-0.006569861,-0.0045507057,0.0013660102,0.0009123292,0.0072447886,-0.0071368874,0.0055834358,-0.00035551703,0.0009692211,0.0083069,-0.008012593,0.0064128633,-0.004502137,0.0046999534,0.004306421,-0.003909382,0.0053228117,0.008648739,0.005827198,0.0051584863,0.0050620604,-0.00839345,0.0033746632,0.007339257,0.0043006456,-0.00068198977,0.0065581854,-0.0058855894,0.0056250207,-0.008974419,0.0011345566,-0.004246512,-0.0033644743,0.002177797,-0.0047562434,0.00091728853,0.0009963572,0.0045390385,0.009101925,-0.005373848,0.0031104563,0.00036871992,-0.005136373,0.0013724072,-0.0061234846,-0.008575997,0.0049873716,-0.0018428684,-0.0010578373,0.0075807213,0.0020200144,-0.0037560111,0.0030595649,0.0059519657,-0.002665351,-0.0080531845,-0.007117066,0.0068913256,0.0075694597,0.0010837588,-0.0028694922,-0.007544833,-0.0003063029,0.0065407637,-0.00034703055,0.0010916584,-0.006753631,-0.0037705118,0.0065298756,0.0028471986,0.00071079854,-0.008858455,0.00036332157,0.005704072,0.003227262,0.0040819887,-0.006149084,-0.007348766,-8.9419045e-05,0.005460477,0.0045305993,0.001623377,0.008121823,0.0042039133,0.0008997001,0.005806992,0.0018868848,-0.0019086854,-0.010045568,0.002960515,-0.008907288,0.0033355525,-0.0065157083,-0.004310183,-0.005424527,0.0038197339,-0.005916129,-0.005568961,0.0018061557,0.0018859829,0.002484141,-0.003651471,0.0005854881,0.006812795,-0.006520787,0.006886648,0.0074241445,0.003849799,-0.005079956,-0.00087849045,0.0042118365,-0.0052708597,0.0055785812,0.0006570037
32,0.01008097,-0.0016137862,0.004124488,0.007977169,0.004776258,-0.004127292,0.0030188398,0.007626031,0.0041148383,0.007292429,0.0006409441,0.0056245644,-0.0017951967,-0.0024927778,-0.0009820105,-0.00057092984,0.0009588071,0.005496169,0.0077379155,-0.007385389,-0.0016163593,0.0078482535,-0.0029146837,-0.0019264821,-0.001572543,-0.006469991,0.00924308,0.002677442,-0.0027886862,-0.007307651,0.006306898,0.0026219294,-0.0064916583,0.008349373,0.008780775,0.0027616466,0.0040127854,-0.004333141,-0.00051475276,-0.006979998,0.004163227,0.0023316678,0.0035865796,0.0041383808,-0.008183603,-0.0035947086,-0.0023052674,-0.0068797837,-0.0010603255,0.004987718,0.0019269914,-0.0024511297,0.010688148,0.006140102,0.0029291965,-0.0044006784,-0.0021444582,0.003135371,0.002211665,0.002447607,-0.0020357333,0.008179465,0.0025751481,0.0059562763,0.006774425,-0.003171068,-0.0030856102,-0.0064238603,0.008266083,-0.0055734036,-0.0009213882,0.0070517724,0.0014992665,-0.00030995248,-0.008963584,-0.0014244237,0.00019100383,0.00097570376,-0.0013057156,0.006841114,-0.0036511456,0.002445585,0.0040258947,-0.0030657416,-0.0016000537,-0.006439332,0.006465854,0.0023277288,0.0077982447,0.00036691394,-0.0062773335,-0.0016537195,-0.009510535,-0.007890023,-0.0014313001,0.0054043424,-0.0013977229,-0.0015246216,-0.0053498093,-0.0054133018,-0.007682152,0.0048208144,-0.010808212,0.0066304044,-0.0056854193,0.0030787806,-0.007659332,-0.0026898908,0.0060887565,-0.0034591241,0.0011846323,0.0057962886,0.0035753655,0.0058795703,-0.0037378443,-0.00484002,0.0068502356,0.0042686015,0.0030928699,0.0021190906,0.0075491443,0.00753662,-0.008118323,-3.479106e-05,0.008777312,0.0048371367,0.00337517,0.0031229774
33,0.0102215065,-0.0067391424,0.0057100896,0.00047659408,0.00089540373,-0.007926347,-0.006610368,0.0071217115,0.0020400956,0.0062175565,-0.006904956,-0.008927077,0.004949127,0.0054641105,0.0025067844,0.0009620755,-0.0076494277,0.009943586,0.008441639,-0.0056509133,0.00041787402,0.009544228,-0.0074702245,0.00466276,0.0014502862,-0.00019175194,0.010735957,-0.002230698,0.001248567,0.0027048402,0.0057689967,0.0025410273,-0.005936387,0.0053912806,0.0068016886,0.00395996,0.005009372,-0.0057519935,0.005715671,-0.008681102,-0.004354873,-0.009674246,0.005241074,-0.010530092,0.005214448,-0.0075650485,0.003399375,-0.0068855244,0.004242909,-0.0023465583,0.004465402,-0.0007439895,0.0021949618,0.008629124,0.007422848,-0.009182245,-0.004814227,0.0050967745,0.0038197131,-0.009828189,-0.0047667176,-0.0056364825,-0.0034899868,0.006995891,0.001947334,0.0024209716,0.0020476005,-0.0028616418,0.000724477,0.003020461,-0.0014764199,-0.0051272325,0.0034709044,0.0005155168,0.00181759,-0.001562986,0.0013017185,0.0038259248,0.0033380492,-0.002376075,-0.0022525713,0.0038307721,0.008128507,-0.004949633,-0.0066067986,-0.00512947,0.009879874,-0.0036936828,0.00048453576,0.002113837,0.0073466096,0.0012599296,-0.00037507783,-0.0019755575,0.0043769763,-0.0003486822,0.011735042,0.00043745787,0.006413088,0.0011826896,-0.0006049995,-0.0057502175,0.0005865077,-0.007439368,-0.00508301,-0.00909403,-0.0032237342,-0.003177986,-0.0027420742,0.0060041086,-0.0028832827,-0.0012432206,0.006393793,-0.0017334571,0.008424348,-0.0073959543,0.002333253,-0.00016583389,-0.007930414,0.007973194,0.008527211,0.006336063,-0.008168061,0.007921947,0.008581746,-0.0010617006,-0.0065153306,0.0016983134
34,0.0054343566,-0.00035175463,-0.008964922,-0.00027726975,-0.002069184,-0.007885381,-0.009224799,-8.848447e-05,0.0027923645,0.00638356,-0.008949051,0.0012529027,-0.0029840192,-0.0031701252,-0.003484148,0.00052148686,-0.0031382875,0.0029666463,-0.0037572943,-0.008055514,0.0044260127,0.010839399,0.0017541914,-0.003836073,-0.011172314,-0.0005770875,0.012401964,-0.0051424815,0.0008324601,0.002863473,-0.001557779,0.014024218,-0.0028883875,-0.0017194104,0.008896687,-0.009575936,5.4163527e-05,-0.0022136858,0.0014899154,-0.00036284383,0.0005357358,-0.011958919,0.0023855078,-0.0026531082,-0.011160227,-0.005371902,-0.0034080197,0.0065072975,-0.0029093297,-0.00019646036,-0.0066322163,0.0060603763,0.0078165075,-0.0012816644,0.001531132,-0.0035607035,-0.0037424772,0.0059031425,0.0006969204,-0.005804484,-0.006461353,0.0003373975,-0.0019168619,0.0094141085,0.00048168554,-0.00026261734,-0.0065866886,-0.0067363014,0.0004867253,-0.00766473,0.004773514,0.008976606,-0.0005661456,-0.007356515,-0.00024017606,0.0015739424,0.0012819684,0.009007582,0.0054137367,-0.0088428855,0.005223933,0.0011258451,0.00015636189,-0.009238657,0.00018851107,-0.007113933,0.008860911,0.00416064,-0.0036407108,0.0044375253,-0.0024227381,0.005931125,-0.0034654583,-6.223882e-05,-0.001429285,-0.00016758362,0.01193394,0.0052343816,-0.0072323526,0.003363213,-0.0050045257,-0.0048482516,-0.007892442,0.0048568603,0.0040810374,0.0030696164,-0.0016739833,0.0046949186,-0.007968363,-0.0003171751,-0.00094867044,-0.009475793,-0.004335175,-0.0011068665,0.009819723,-0.006673891,0.0033770448,0.0011456144,0.002706024,0.0050814766,0.0037267432,0.009081075,-0.0030870521,0.011073992,0.0056884415,0.0021266239,-0.003419912,-0.0071627162
35,0.012695437,-0.010690412,-0.0045893537,0.0062956056,-0.0019918086,0.0039633955,-0.0047477963,-8.101219e-05,0.0031518182,0.009018858,-0.005237506,0.00071766647,0.0055127484,0.009025199,-0.0013565616,-0.0027198822,0.0018478571,-0.0018820198,0.008894601,-0.00637124,-0.003326605,-0.0016196031,0.0001612584,0.005276946,-0.0048411237,0.006541211,0.0097214915,-0.006233504,0.0054401895,-0.0065305186,0.006700987,0.0075856876,-0.00082403334,-0.0057727154,0.0023456318,-0.0030504342,-0.0017613232,0.00759942,0.0042291074,-0.007393066,-0.0066564744,-0.0029511217,0.00086282037,-0.0036117549,-0.007535733,-0.005018073,0.0062853685,0.0017701727,0.0023920771,-0.008215351,-0.0054799677,0.0018510439,-0.00059003517,0.004111872,0.0073204604,-0.0020704865,0.0020888802,-0.0071277604,-0.0025525938,-0.008977478,-0.009043004,0.0027167678,0.00752065,-0.0055741156,0.006023263,0.007905076,-0.007192935,-0.0061292592,-0.0011735673,-0.0067391973,-0.0022754224,-0.0029615217,0.00817929,-0.008494164,-0.00170353,-8.946283e-05,-0.0082266675,-0.005199656,-0.0022670361,-0.008870291,0.0055944514,0.005256511,0.009662677,0.00089270767,-0.0044835163,0.0041332166,-0.0018179966,-0.007458681,0.0027436868,-0.00090537796,0.0007195536,-0.0046985596,-0.010737457,-0.0040145167,-0.0007685301,-0.0016884467,0.0014101495,0.0010603247,-0.0053781644,0.0046744095,-1.8757713e-05,-0.0027871,-0.0018982041,0.0053868755,-0.007646892,-0.0040196446,0.0061200676,0.0049364627,-0.006852759,0.0046085906,-0.0027563805,-0.009564376,-0.0007325456,0.0037358205,0.011085065,-0.0058747674,0.0014725527,0.008890324,-0.0065037753,0.0013183278,0.012788827,0.007886914,-0.0052407617,-0.0010434,0.0077027646,0.0013386991,-0.008700565,0.0014115832
36,0.009183515,0.0041006072,-0.007509925,-0.0010508869,0.005723602,-0.00074876065,0.00093840325,-0.00031034596,-0.0055042137,-0.0028559791,0.0020751748,-0.0063115074,0.0071716276,-0.00060466165,-0.0048086774,0.005522738,0.00021419716,0.0015706539,0.00045559386,-0.008048189,0.00325419,0.007949556,-0.0076246657,0.00036190977,0.003247172,0.0013656807,0.0092001315,-0.0072785746,0.003062593,0.004855549,-0.0029502253,0.008922386,-0.0076616956,-0.0048414664,0.004630196,-0.006340481,0.0009908444,-0.0048809308,0.00750054,-0.008722437,-0.0010313191,-0.00049656385,0.0072068623,0.0025404333,-0.008778576,-0.0020504456,0.0032042037,-0.004593898,0.005869144,0.005508031,0.0072126626,0.0022350596,-0.0024835595,0.006976574,0.0062183505,-0.007879916,-0.002559901,-0.0040443484,0.003222971,0.0019083122,0.0006736477,0.0077220206,0.006672036,-0.004606149,-4.8519003e-05,-0.0042451373,0.0017096068,-0.005920277,0.006383937,0.004997597,0.0010437345,0.0008587097,0.005916833,0.0015484423,-0.004462587,-6.720173e-05,-0.0025010207,0.00029746434,-0.0014716409,-0.007884416,-0.0009861486,0.0065513817,0.00026847437,-0.0014003024,0.0056157336,0.0025778103,0.0064646183,-0.0028958037,-0.005875844,-0.004963976,0.007024621,-0.00056560116,-0.0019343527,7.273342e-05,0.006180646,0.0031881793,-0.0036546625,-0.0058697755,-0.0050089555,0.0012347037,-0.003539328,0.003938605,0.003103237,-0.002160612,0.0020476792,0.0043164934,-0.0048522158,-0.0017112236,-0.00058099686,0.0061104298,-0.0030555464,0.0046481374,0.006779446,0.0022751563,0.0012255656,-0.0026579197,-0.00020038783,0.004193604,-0.0014877153,-0.005023782,-0.002381715,-0.0050173067,-0.0066207545,0.004416175,-0.0049951733,0.004629122,-0.0068794787,-0.004048528
37,0.004691529,-0.0062452285,-0.00017491344,0.010063693,-0.003134928,-0.00783367,-0.0022315674,0.0065448466,0.004916243,0.0018696729,-0.0088075185,0.006198556,-0.00028788156,0.0029509873,-0.003677754,-0.0026581876,0.0053144493,0.0008765836,-0.00052210566,0.0020226112,-0.0016635375,0.0008034763,0.005117011,-0.0020381287,-0.009181616,-0.004744869,0.007509467,0.006716625,0.0024544804,-0.0046553337,0.00093888293,0.004002833,-0.0059902035,-0.006714372,-0.00011544176,0.004319175,0.0041703237,-0.00014065785,0.008098256,-0.007710566,0.0009654588,-0.0036085092,0.0041813324,0.0015161434,-0.008847899,0.0015590286,-0.004332631,0.0022232851,0.002150242,0.006068745,-0.0058187954,-0.0028793751,0.0037977374,0.009299821,-0.0049675005,-0.0076066563,-0.0008989167,0.00091811776,-0.004946299,-0.006417509,-0.00923105,-0.005264508,0.004665544,0.0010960532,-0.005934626,-0.00095365423,-0.0031976993,0.0017145893,-0.006145128,-0.007826836,-0.004072143,0.008636492,-0.0010056943,-0.0012503729,-0.0010443968,-0.0065544182,0.0008206857,0.006949435,0.0025802434,0.00067743234,-0.0050481735,-0.0024234115,0.005066906,0.0040163123,-0.0056880405,-0.0089540435,0.0107911145,-0.0057682972,-0.003731097,-0.0077492776,-0.0039182003,-0.005448564,0.001048104,-0.00010984807,0.0038448991,-0.0017755536,0.012386799,-0.0042605875,-0.0041999803,-0.00039051342,-0.004852148,0.0070657823,0.0014728272,0.0031672278,-0.00031490246,-0.0026786297,-0.006996528,-0.0047867065,0.004242577,0.0047141784,-0.0058031487,-0.008747478,0.007068167,-0.005541185,0.005342362,0.0032889799,0.007256981,-0.0012296344,0.00053525675,0.0010242121,0.013203585,0.0060756532,-0.006513079,0.0059092976,0.008827544,0.0019159813,-0.0067920783,-0.0052062217
38,0.007789178,-0.00472106,0.0022706906,-0.0003347001,0.0062597264,-0.009754486,-0.0010041996,0.008076831,-0.0014940784,-0.0033239564,-0.009216941,-0.0015871522,-0.0050765486,0.0055868104,-0.0012896383,-0.0026546894,0.00029798708,0.00044264918,0.008685722,-0.0006598911,0.00349114,0.0096303895,-0.00085681485,0.004447485,-0.010387744,0.0054989313,0.00986047,0.0031284054,-0.0010573656,-0.0062746233,0.0017298642,0.010087569,-0.0014200333,0.0037974953,0.0009284407,0.0010372126,-0.00460334,0.005606534,0.0046080966,-0.008399133,-0.0037651896,-0.006523399,0.002819792,-0.011148229,-0.005312611,-0.0017155667,-0.0005485091,0.00261191,-0.007509068,-0.007907375,-0.005609075,0.004015846,0.010290539,0.010919582,-0.0040464457,0.00074213493,-0.0062553897,7.6803826e-07,-0.0033323374,0.0010890751,-0.00223234,0.0019256137,-0.0028483563,0.0018579531,0.004539107,0.0062964344,-0.0010585056,0.0033494513,0.0012462531,0.0015400278,-0.006736653,0.007621494,0.0043823035,0.0052996334,-0.004491915,0.006932858,-0.008429903,-0.0011045447,0.007482792,-0.0071642944,0.0039309463,0.0026400143,0.005396276,0.00016142026,-0.0019033884,-0.009715809,0.00046938655,0.00013118269,-0.0050444873,-0.0018218874,0.0038252855,-0.0062119365,-0.0032046384,-0.011256316,0.0011942565,-0.00025575844,0.016212279,0.006382349,0.0020014371,-0.002710226,-0.00693302,0.00569522,-0.0027800626,-0.0025712969,-0.003669737,-0.00044017562,-0.008209893,-0.0021150005,-0.0065979566,0.0052691544,0.007779392,-0.0069232774,0.0012532878,0.0008731851,-0.0011859477,0.0018747839,0.0050195833,-0.003562306,0.0012725726,0.0053277756,0.0019950655,-0.00040568286,0.0022899387,0.0010541641,-0.00059925974,0.001138132,-0.002996948,0.00559138
39,-0.00064981065,-0.010010591,-0.0062129544,0.007470296,0.0026550596,-0.010485071,-0.0039477865,-0.004508444,-0.0027538997,0.005432601,-0.002992169,0.0037483855,0.003265385,-0.005382794,0.0045231814,0.0068821018,-0.0041183387,-0.0014895018,-0.002241307,-0.007958678,0.0062564393,0.0039946707,-0.0037185864,0.002396685,-0.0057567866,-0.00039989784,0.00629775,-0.0062964014,0.008053281,-0.0015803152,-0.0029725593,0.0014602225,-0.0049517322,-0.006189459,-0.0023983398,-0.0017997252,0.0010548743,0.008474945,0.00984441,-0.010968196,0.0024032504,-0.010181647,-0.0044049863,-0.006878468,-0.009096678,-0.0050326823,-0.0077857333,-0.006534736,0.0018651354,0.00688043,-0.0021901065,-0.0042158207,0.003655207,0.006138509,0.005588118,-0.0017988118,-0.00034753486,-0.007470343,0.007309047,0.0026180658,-0.011794008,0.008568162,-0.006783174,0.0045467373,-0.0028108296,0.006297246,-0.0012980829,-0.0002539183,-0.0034945512,-0.0053802957,-0.005436404,-0.00022190022,-0.002644012,-0.0033596915,0.004358077,0.0017024007,-0.0064900145,0.0051849624,-0.004313278,5.8636826e-05,-0.0027580566,-0.006909311,0.0056818444,-0.008435623,-0.0012194142,-0.0022173054,-0.001890493,-0.0056387424,0.0087410845,-0.008737833,-0.0036788008,-0.0023032776,-0.0048562745,0.0024469309,0.0039452794,-0.0050784014,0.00467915,0.0036596698,0.0041641854,-0.0010625948,0.004860728,-0.00021406403,-0.009369158,-0.0065268404,0.0010413078,0.0008247574,0.0053773224,0.005551813,0.0052882317,0.003623855,0.008253607,-0.006396412,-0.0013912135,0.005760989,0.0015963091,-0.0006876834,0.0013394017,0.0070353365,-0.0032223174,0.005627621,0.0046424987,0.008285392,-0.0006267515,0.010018024,-0.00016135935,-0.003812077,-0.0044876114,0.005849101
4,0.0033284132,-0.008433845,-0.00291135,0.004099894,0.0062563745,-0.000784199,-0.0052829157,0.007916075,-0.005076957,0.009789633,-0.0017089949,-0.0051043895,-0.0058725467,0.0006498689,0.0047640903,-0.007288922,-0.005550278,0.004138039,-0.0056912545,-0.0058876853,0.0004921899,0.001394101,0.0023754193,-0.002733085,-0.009769654,-0.0041941744,0.0067003863,0.0009777966,0.0059476276,-0.00060871505,-0.0019507061,0.011794362,-0.0080985455,-0.0055178143,0.009482868,-0.005227683,0.004590748,0.0053361007,0.008664011,-0.010070153,0.0035025976,-0.0021384158,0.0016175908,-0.010536799,-0.0028894183,0.0015339461,-0.005188017,0.004550678,0.00746415,0.0063008647,-0.00864782,-0.003515582,0.0029279815,-0.0042167692,-0.0034201194,-0.010119282,0.0035641126,-0.0041069333,-0.006818734,0.0036346181,-0.0056355074,-0.00572331,0.0004219714,0.0037493648,0.0072742673,0.0006083584,-0.0005309521,0.0019347172,0.004318811,0.002889263,0.0016115576,-0.0059173414,0.006003642,0.003771909,0.0020614835,-8.433194e-05,-0.006616158,0.0039082374,-0.0003304398,-0.0065245065,0.0005502008,0.006431304,-0.0038665726,-0.006770799,-0.0041045016,-0.0021821377,0.0052471766,-0.0062886523,-0.00046781596,-0.0041793413,0.006973197,-0.0064021684,-0.009797017,0.0024999965,-0.0049727894,-0.0005032635,0.005215995,-0.0041819275,0.003246398,0.0010381872,-0.006298064,0.0051503484,-0.0058031348,-0.008040634,0.003553719,0.0016212702,-0.0017433872,-0.0010258716,0.006195154,-0.0054974463,-0.0035918278,-0.0024107748,0.0058875224,0.00024110494,8.488253e-05,-0.0064256145,-0.005319867,-0.0055904835,-0.0004340052,-0.001047207,0.007982325,0.003305896,-0.0015386516,0.010012507,-0.0016109641,0.000919529,-0.006289954,-0.0024283081
40,0.01055043,-0.0070119253,0.005193391,-0.0025795435,-0.006918841,-0.0097583495,-0.0089897625,0.0037691256,-0.0022744366,-0.0053522675,-0.0035113522,-0.0054716542,-0.005507115,-4.465536e-05,0.00480296,0.003055928,-0.00084206916,0.0053038234,-0.0045193145,-0.0017708964,0.0048224865,0.008181844,-0.0050402074,-0.0042988975,0.0010949324,-0.005942991,-0.003613928,-0.0024141297,-0.0043660244,0.0057426686,0.0034576026,0.007434978,-0.003449931,0.0015378438,-0.002600123,0.0011944635,-0.0036575133,-0.0039989734,-0.00076886907,-0.0041750805,-0.0025435279,-0.0067934156,-0.006092979,-0.009633368,0.0017883173,0.0046404987,3.250249e-05,-0.0008498903,-0.004081021,0.0065600774,-0.006332165,0.007769141,0.01124123,0.0063941,-0.0007782843,-0.0017543149,-0.006354223,0.0047764145,-0.0041312817,0.0039010467,-0.002693957,-0.0013742865,0.0010976658,-0.0044467975,0.00054419483,-0.003504342,-0.0057447264,-0.007821148,-0.003152905,-0.00036199353,0.002756024,0.0071741957,0.008171597,0.00061101234,-0.0021106869,0.0068507036,0.0025630845,-0.0010200914,-0.0019140545,0.0012073586,0.0028397033,-0.0041454374,0.0037176718,-0.0006024704,-0.0070863403,6.341196e-05,-0.0031119634,-0.004680491,-0.0060959,-0.0043992093,-0.0010763099,0.0065488983,0.0020097499,0.002780857,0.0017821762,-0.0055633252,0.003362887,0.009572178,0.0018340967,0.0017670229,-0.005011622,-0.0057389997,-0.006011353,-0.0026213154,-0.001712992,-0.0055724494,0.0065643024,0.004082201,-0.0062058796,-0.0023668834,0.003773158,-0.0050531738,-0.0026560859,0.0049095526,0.00042098877,-0.0011539914,-0.005039735,3.976944e-05,0.0052492484,0.008205891,-0.0006950245,0.009244039,-0.0047808327,0.007696687,0.0016534334,0.0030426441,-0.0025132634,-0.0043654344
41,0.0097411,-0.0037553739,-0.0056910096,0.0031398276,-0.0062827067,0.0047843913,-0.006662234,0.0051933564,-0.0017107435,0.007504447,0.0040752394,-0.0006695083,-0.007578843,0.009723699,0.00413388,-0.004263087,-0.0034296468,0.0032713576,0.004217125,-0.0016801693,0.0057347515,0.009248393,-0.000866129,0.0075122574,-0.004698792,-0.0059545655,0.0015895833,0.005192266,0.008445088,0.0011293617,0.0054471456,0.011265509,-0.0034066376,-0.0007834194,-0.0031789115,-0.0050605023,6.791473e-05,0.0014671087,0.0029474762,-0.009321382,0.002735973,0.0035353948,0.006849633,0.0027688108,0.00051877386,0.00370688,0.0042038076,-0.0050225332,-0.0046406337,-0.0036787342,-0.003620971,0.005939131,0.007559826,0.010639573,-0.0014069977,0.00070005935,-0.006265114,-0.0025974987,-0.005693182,-0.0054512173,0.00043569523,0.0014927358,0.0068735094,-0.0020194815,0.0060508954,-0.0010073443,0.004373086,-0.002821844,-0.0021722587,-0.0006985702,0.0059529394,0.0052317637,0.0067803925,0.0022589597,-0.005704195,-0.002896359,-0.0032241214,-0.0055061425,-0.0034288985,0.0029476676,-0.006172954,0.0011789607,-0.0046469076,0.0015969336,0.0064668064,-0.0023770125,-0.0006344821,0.0033582633,0.007334686,0.000646054,-0.00209884,-0.0018658142,-0.010118246,0.0017275588,-0.00426345,0.004328083,0.009640839,-0.004599695,-0.0010634487,0.007547555,-0.007698755,-0.00752548,-0.0057241563,0.0006893892,0.0029689397,0.001523562,0.003907465,-0.005117182,0.00065837166,-0.00021144847,0.008212405,-0.00460072,-0.001360263,-0.0035482089,0.00018471167,0.0025648908,0.0036254392,-0.003428711,-0.008846466,-0.0016648108,0.008156031,0.0022454276,-0.00063182565,0.008994653,0.003268969,0.0018709546,-0.005391419,0.005842775
42,0.012563565,-0.0049394304,-0.0012597961,-0.0005663109,-0.0019554868,-0.0008965868,-0.010397214,0.009031195,0.0030328534,-0.0032566718,-0.010971019,-0.0014926472,-0.0068073096,-0.005664102,-0.005740076,-0.0007093515,-0.007555654,0.000296787,0.000859408,-0.006561179,0.0028289598,0.010372454,0.0062864204,0.0064148814,-0.009488144,-0.0055615813,0.0093379775,0.0072347703,0.008940453,0.006197986,-8.062901e-05,0.003772163,-0.005768123,-0.0067525012,-0.0033306032,-0.008513004,-0.0004955012,-0.003766037,-0.002451776,-0.0035780983,-0.0010220372,-0.0030777105,0.008262726,5.1740615e-05,0.0046813777,0.0007775151,0.006352833,-0.0016731952,-0.0016764688,-0.0011164641,0.005806378,-0.005848298,0.005849189,0.006332275,0.0007008275,-0.006344123,0.004035366,-0.00842912,-0.0029041427,-0.0099963425,-0.0047798036,-0.00010973142,-0.0061084107,-0.002362133,0.0049138484,0.008615653,-0.008245958,-0.0062875384,0.002663307,-6.666416e-05,-0.0056812167,0.00859377,-0.0023135059,0.0065640155,-0.0040605543,0.0002015185,-0.0012151706,-0.004747606,-0.002308729,-0.0058372826,0.007179773,0.007461105,-0.0037852207,-0.005449667,0.0034859306,0.001206158,0.01226242,-0.0047611617,0.008298038,0.00596294,-0.002883631,0.0028505977,-0.0053437995,-0.009175563,-0.0037955248,0.002602271,0.0020982947,0.008373617,-0.0051036323,-0.00044127204,-0.0077466024,0.0010450566,-0.01017449,-0.000182181,0.00036315125,0.0015820692,0.0010468843,-0.0069147865,0.002239536,-0.0053863125,0.005181079,0.0013045728,0.0047284984,0.0074160867,0.011434776,-0.0017635772,0.007895428,0.0013103689,-0.0077905357,0.001781744,0.0065679555,0.00053602725,-0.00901652,0.00227983,-0.0030968692,0.00055166445,-0.005758951,-0.001365002
43,-0.0035820652,0.0009847225,-0.0061512995,0.008783958,0.0017692688,0.004773965,-0.0070061223,-0.0042026443,-0.0030881255,-0.0058741826,-0.0010231247,0.005616303,-0.0014515248,0.005648747,-0.003164166,0.00341067,-0.0054924665,-0.0037008766,-0.004084304,-0.007950649,0.0061454517,0.0045511695,0.0054300656,-0.0015152398,-0.002438753,0.00084137917,-0.0015454841,-0.0055404273,-0.0064510233,0.0072869663,0.0073843375,0.0054736356,-0.0057837563,-0.00017182219,0.00023778432,-0.0011572146,0.005234807,0.002893087,-0.00069445657,-0.003936726,-0.0054444894,-0.0047579566,-0.0029069795,-0.008484498,-0.0039630276,-0.008452678,-0.00219655,-0.0061445823,0.00769057,-0.003507351,0.004637459,0.003816474,0.0070359847,-0.0038562512,-0.005556907,-0.009693198,-0.0056331228,-0.0044684876,-0.0065365876,0.0029961138,-0.0096140755,0.006132175,0.003281307,-0.0031370064,-0.0036184918,-0.0037153692,-0.007364618,-0.0018680963,0.0056694914,-0.0071988353,0.0017502096,-0.0049270513,-0.006401979,-0.0069172615,-0.0047468957,-0.0033046417,-0.007198375,-0.0019482217,-0.004705122,-0.007414123,-0.0006024828,0.00074012333,0.0056196908,0.0057834242,-0.0011618253,0.005675714,0.008333133,-4.1222276e-05,0.00015973851,-0.0052633146,-0.00016729227,-0.0016608976,-0.009178068,-0.008240524,-0.006872239,0.00021963037,0.01110575,-0.0037439773,-0.0010584623,0.0057810065,0.0040494623,-0.0039456934,-0.0076763076,-0.0066533326,-0.0058838404,-0.00032122707,-0.008286271,0.006482409,-0.007847013,0.0021007187,0.0015431322,0.0046631726,0.0068511995,-0.0012649795,0.0015238187,-0.0061093597,-0.0041411812,0.005442252,0.0007449899,-0.0022666105,0.007951197,-0.005471115,0.0049850284,-0.0004481216,0.009181121,-0.004862013,-0.0043653348,0.0030921907
44,0.006171182,-0.0018365935,-0.0018854843,-0.0038042606,-0.0005981853,0.0014268691,-0.007437255,0.0047831014,0.0065069273,-0.004205506,-0.007357443,0.0008059136,0.003635562,-0.0057367366,0.0051601366,0.0015839126,0.0040073465,-0.004943478,-0.0063584875,-0.004298693,-0.0036669457,-0.0055841906,-0.00575049,0.0029159316,0.00021770314,0.006797629,-0.004535218,-0.0036288756,0.0069304905,0.0014313794,0.0011600519,0.008994688,-0.005867406,-0.00015636065,0.0059006675,0.0027623866,0.004729705,0.0028816562,-0.0061135413,0.0051964778,0.0001242057,0.00045467317,-0.0045862687,0.005832198,0.0009277991,-0.003643828,0.0010720274,0.0076240553,0.0044201957,-0.00084948784,-0.0006332228,0.0038394304,0.0096582025,-0.0015260279,0.0035913505,-0.0077851377,-0.00020199885,-0.007478026,0.007492871,0.0025828746,-0.0029897206,-0.0013241009,0.0041360827,0.004905181,0.0047727595,0.0040360205,0.0030681533,-0.008279559,-0.0005245711,0.0031556361,-0.0019521987,0.004289736,-0.0013979375,-0.0019834025,-0.003686107,0.0066284067,-0.0090987915,-0.0023139953,-0.005776985,-0.006461853,0.0011687485,0.0010580062,0.0065596737,-0.0032993814,-0.007936212,-0.005406345,0.005895237,-0.0033523215,0.0038542605,0.005994574,0.0026951206,-0.0067625907,-0.0038851982,-0.0021659764,0.0073143044,-0.0045909937,0.0039452543,0.004091475,-0.006131606,-0.006947207,0.001165701,0.004729573,0.0012721997,0.0011052256,-0.002322021,-0.0054785702,0.0071383254,0.006810413,-0.005895793,0.004327958,0.0082299905,-0.0007721395,-0.0048303716,0.0025457283,0.0069406605,-0.0066793896,-0.0029497133,0.0015147146,-0.0046605095,0.0029008936,-0.0032422785,-0.0054634316,-0.00046684715,-0.000877035,0.007802855,-0.0048088147,-0.0047614225,0.0056987866
45,0.0076451655,-0.0031666802,-0.00054551417,0.0014827232,0.0074661025,-0.007530887,0.0010962258,-0.001247085,-0.0076521076,-0.0070117963,-0.002050535,0.0048307464,-0.0057635307,0.007870935,-0.004392277,-0.0021367357,0.00031340867,-0.005693359,0.0069766487,-0.006914029,-0.0031372528,0.005332755,0.0069278823,-0.004735225,-0.004978277,0.00384547,0.008880795,-0.0022227482,-0.0013379626,-0.0043225153,0.0012375626,0.004094789,0.0048797033,0.0068362164,0.0005917177,-0.0047708196,-0.006722523,0.007777463,0.00020425781,-0.0003385144,-0.0026757878,0.0013432882,0.0015087683,0.0049169348,0.0013494674,-0.0019140858,-0.0070978906,0.0074609485,-0.0011303104,-0.002117317,-0.00011058427,0.0009413157,0.0011996771,0.007120331,-0.007823085,0.0057566864,0.00095952366,-0.0069796285,0.0037563574,-0.006400373,0.004042061,-0.0062906705,-0.00699601,0.0032806336,0.006275756,0.0026471096,0.0015549853,-0.004255254,0.006639237,0.0004505411,0.004997158,-0.0004950593,0.0020963673,-0.006404277,0.00080659677,0.0028216988,0.002093445,0.0025161006,0.0023156505,0.0038690073,0.00307097,-0.006284642,0.00074550236,-0.0015358923,-0.004779813,0.004679565,0.00026390204,-0.0015773483,0.0034585502,-0.005244702,0.0055256397,-0.000938724,0.0054832217,0.0047951527,0.004209496,0.0004388824,0.0011304964,-0.0044869147,-0.0058528385,-0.0065660034,-0.004294501,0.0037643525,-0.0066017844,0.0040868144,0.003181198,0.005431864,-0.00489608,-0.00016599934,-0.0061010285,-0.004201683,0.005461562,0.0053061075,0.007701647,0.006471388,-0.0037242596,0.006666094,-0.00055236975,0.00093000283,-0.0059014023,0.0067767245,-0.0047283326,-0.00042447992,-0.0055031064,0.0061650877,-0.002904083,-0.0071146325,-0.0045911367,0.0027159378
46,0.013399332,-0.008159455,-0.003094938,0.0047857366,-0.00064824376,0.0026691998,-0.0063913036,0.0026758616,-0.0051023425,-0.0020432672,-0.01263935,0.00021731453,-0.0042562825,0.0012684431,0.0017973486,0.0052734064,0.0012708661,0.009679442,0.00899084,-0.002378176,0.007309987,0.009934625,-0.0068798284,-0.00291996,0.00049127155,-0.007269036,0.0052556754,-0.00038036684,-3.116549e-05,0.0019863525,0.008812095,0.011854441,0.0043287254,0.00017082239,0.0016770186,-0.0062897136,-0.0049783923,0.0017773192,0.008781136,-0.007288412,-0.009144095,0.00062446704,0.0041993987,0.0017102262,-0.009748016,-0.0041081393,0.00080963766,-0.0038253115,0.007861835,-9.344495e-05,0.0036907685,0.0022273965,-0.0009549166,0.0060274573,-0.0014096097,0.0031416588,-0.0055459337,-0.0014874513,0.0066461223,-0.008179155,-0.00030437767,-0.004663486,-0.003813057,0.0035928783,0.0027391813,0.0044061393,-0.008472457,0.0061897975,0.0020993156,-0.008362128,-0.0030471552,0.00402557,0.00737033,-0.0086548,0.0022038156,-0.002286981,-0.0042586043,-0.003008583,0.0020901924,0.0046411105,0.004740408,-0.0028246825,0.003179974,-0.006651765,-0.0039157975,-0.0052940072,0.009589877,0.004463979,0.006337525,-0.0039210496,0.0036478776,-0.0014503808,-0.0052043097,-0.008854035,-0.005760403,-0.0009887638,0.0026868568,0.011230689,-0.00022723488,-0.0069090785,0.00057000684,-0.0074396515,-0.009745952,-0.006756865,-0.0043000807,-0.006391864,-0.009108855,-0.004703356,-0.0019298816,-0.0059953956,0.00834017,0.0042447257,0.006332422,-0.00092779845,0.0049415366,-0.009701642,0.0056500207,0.007330453,0.0005325417,0.011119237,0.0147379665,0.00396393,0.0009444398,0.0037217475,-0.0011570216,-6.97213e-05,-0.0027934213,-0.003395737
47,0.0023339929,-0.005939869,0.0024760428,0.006632309,-0.0060989065,-0.0024460824,-0.0050155264,0.0073329355,-0.00639386,0.0038464617,0.0035896578,0.003023103,0.0038165092,0.0024130396,-0.0053174845,0.006235439,0.0053015975,0.0086643305,0.003525648,-0.001448917,0.0064428025,-0.00052676396,-0.0040338966,-0.0061904457,-0.008454083,0.0040959874,-0.0035766526,0.0011895171,0.008565354,-9.751242e-05,0.008709152,0.0049669426,0.0064610685,-0.006407457,-0.002280586,-0.003985497,-0.0019469493,0.0012077532,0.001753998,0.0047163465,-0.0065271063,-0.008928092,-0.004648745,-0.0028356554,0.0034495362,-0.0022059653,0.0031698204,0.0026485955,0.0011691785,0.006151362,-0.0045694574,0.0075069754,-0.00010659872,-0.002019209,0.0038585304,0.0060675167,-0.0017769412,0.0068026776,0.0011274288,0.0013672869,-0.0059658787,-0.0037730667,-0.0026564857,0.007825065,0.007364855,0.0007648362,-0.008643762,-0.00032157783,0.004538635,-0.004827413,0.0024419457,0.005140235,0.005430452,0.0068534617,-0.007873744,0.007423146,0.0014059455,0.0043177367,-0.002200987,-0.005540618,-0.004088033,-0.0057109226,0.0063469484,0.0016462966,-0.0033288766,0.0060867704,0.009032344,-0.00023300666,0.00062164717,0.0016907933,0.0066333236,0.0026943611,-0.001524072,-0.0034886524,-0.0065188804,0.0045819585,0.009180919,0.008345666,-0.007038093,0.006345648,-0.0014049012,-0.006034681,-0.0062419395,0.0065687736,0.005128013,0.006454191,-0.007943313,0.004638043,-0.0034922657,-0.004303487,-0.0026146208,-0.0033330752,-0.0044288593,-0.0050258464,0.00913338,-0.0018275223,0.00014970629,-0.0063474677,0.0013661813,0.0028473719,0.010888648,0.005710561,-0.0053471844,0.0008344299,0.0075479946,0.007704722,-0.006835703,-0.0013137766
48,0.009363763,0.0010915996,-0.0012095004,0.009870263,0.0013410562,-0.008845309,-0.010152264,0.0062467777,-0.004603395,0.0035197923,-0.010155897,-0.0032720633,0.0035436845,-0.00087730354,0.0051378515,-0.0042899167,0.004055668,-0.0017866364,-0.003557416,-0.005212161,0.00025390967,-0.00096220215,0.006560035,-0.0038792226,-0.006602179,-0.0074080545,0.0073344214,-0.005358673,0.0019641162,0.0043988433,-0.0005827891,0.0046720323,0.0053519043,-0.0025460941,0.0014080154,0.0026789526,0.0016120562,0.0011980339,-0.0014171039,0.0017336396,-0.008651635,-0.008378336,-0.005942181,-0.00545941,0.005273561,-0.009203535,0.006334597,-0.0069780005,-0.0068286397,-0.0023147797,-0.0018898351,0.0037165908,0.0003782402,0.004895033,-0.0020195213,-0.005872455,0.0016270193,-0.0041745505,0.006439805,-0.0037635753,-0.010748709,6.975811e-05,0.0062489025,-0.0012351543,-0.0013778859,0.0049369787,-0.00971324,0.0056662904,-0.006858569,0.0016625865,-0.0004021666,0.008832212,0.0073889135,-0.008594111,0.0026480574,0.005716085,-0.009388965,0.00090114283,-0.00639298,0.0026554833,0.0078270165,-0.004192844,0.0028084116,0.0036967308,-0.008315285,-0.0057690702,0.009800925,0.00758474,-0.0008634207,-0.0038687366,-0.0034633484,-0.0055823918,-0.004714116,-0.0026941677,0.0058382642,-0.0068771937,-0.002548847,0.0060604825,0.0024043743,0.0028210294,0.001133486,-0.0011388711,-0.0018095087,0.0012649881,-0.008422916,-0.00860694,0.0024618523,0.0014155562,-0.006829383,-0.0034349945,0.0018677431,-0.008240667,0.003393632,-0.0077709947,0.007911681,-0.005051185,0.0052211597,0.006665246,0.00100283,-0.0032268332,0.007771476,0.008365799,-0.005245884,0.008951807,-0.00044352037,-0.0014353901,-0.0069395145,-0.0037573972
49,0.007652016,-0.0075517,-0.00061521016,0.008598806,-0.0010131029,-0.008656682,0.0006992594,-0.0017712573,0.00022998214,0.008149311,-0.008191479,0.0007683976,0.0035012362,0.009255331,-0.0074396357,0.0028292534,-2.0578944e-05,0.004902149,0.0042283447,-0.011862322,-0.0005100968,0.012782753,-0.006919556,0.0042709024,-0.01212511,0.0032598113,0.0057751765,0.0014188362,0.0017574965,-0.0026347158,0.00358842,0.009527822,0.0018942804,-0.004739128,0.0037360715,0.0040866914,0.0064977054,0.00021827905,0.0027631219,-0.003740236,-0.008015951,-0.013124505,0.010126905,-0.008699608,-0.0071158567,-0.0054143383,-0.00339775,-0.00683766,0.002880493,-0.0075106137,-0.0023071128,-0.0038786554,0.012726083,0.012523184,0.0019925092,-0.003661771,-0.0040283436,0.0040247845,0.006647159,-0.0035373634,-0.014890963,0.0038886252,-0.003153434,0.005086974,-0.0005103503,0.008670269,-0.010825573,0.003439223,-0.0043724715,-0.0034106055,-0.0077004563,-0.0021113337,-0.0042858566,-1.0572927e-05,-0.012055259,0.0028770946,0.0032638113,0.0028707301,0.0046115476,-0.006482967,-0.0050876825,-0.0052770195,0.0028630367,-0.0115683675,-0.008463894,-0.011000798,0.010063531,0.00029979952,0.0062964405,-0.010565535,0.0011025588,0.0014093551,-0.0025908595,-0.010797384,-0.0058664037,-0.0008454974,0.012625471,0.0043976894,0.003664673,-0.006282054,0.0036019813,-0.007237784,-0.008382887,0.003743037,-0.003246254,-0.0030920468,0.00518099,0.0049865157,-0.0016799751,0.0033549059,-0.00419775,-0.009730676,0.008191717,0.00578342,0.011980443,0.001625334,-0.0027129115,-0.0039621987,-0.0044087293,0.01006048,0.01576522,-0.0032779356,-0.004612723,0.010563864,-0.0010231071,0.009244876,-0.006243643,-0.006989573
5,0.0005081314,-0.0021548865,0.0030604405,0.007062732,0.0062291813,-0.0045372485,-0.010191093,-0.0043764412,6.840807e-05,-0.0032452664,-0.008510049,0.0025064456,-0.006266318,0.005969646,-0.0036009015,-0.004082852,0.0012538859,0.0063523855,0.0045453394,-0.00884429,0.0011956593,-0.0020840524,-0.004305121,3.4818764e-05,-0.010659817,0.0066887853,0.0111421915,0.005197254,-0.00043521458,0.00064017635,0.0038172058,0.008830026,-0.009568805,0.00045800878,0.0065603205,-0.00029549006,-0.002368923,0.0027227856,-0.0011864023,-0.008670999,-0.008368333,-0.0041828,-0.004414046,-0.008311567,0.00043795118,-0.0029073535,-0.0075273057,-0.0022897196,0.007348893,-0.0008506131,-0.0073328633,-0.0034940918,0.0016011855,-0.0016130765,-0.001180509,-0.009822317,0.0053666956,-3.8259826e-05,-0.0038597344,-0.0016293592,-0.0013920463,0.0010034002,0.00041154015,0.0009222412,-0.003468398,0.0002690534,-0.0089424485,-0.00824721,0.00070702395,0.0030457582,0.002056999,-0.0026425791,-0.0070378105,-0.006106819,-0.0045957793,-0.007059523,-0.0041152597,-0.0018064355,0.004476032,0.004677121,-0.0009927843,-0.001171577,0.0071627665,0.002994175,-0.0009793373,-0.009975844,0.0064042,-1.7183116e-06,0.0046286345,-0.00062645075,-0.0040452993,-0.0063783443,0.0010066935,-0.0041252854,0.0047266395,0.0032638714,0.006916079,0.008366446,-0.004225042,0.005210349,0.00024496988,-0.0025471135,-0.011584448,-0.00201399,-0.0074459496,-0.0021870246,0.0053127445,-0.0063325255,-0.004239115,0.008050154,0.0058038644,-0.010219273,0.0028038693,-0.007294743,0.012073629,-0.0015362621,-0.0051295473,0.0039159213,-0.009037438,0.012190691,0.005084515,0.0022202446,-0.009704746,0.0050738472,-0.00316816,0.0040197526,-0.0008601483,-0.0065067466
50,0.0060079177,-0.0035325726,0.0029507892,0.0037756204,0.0016738668,0.004574641,-0.0045938594,-0.004953884,-0.000586912,-0.001504705,-0.0056253467,0.005384529,-0.0062816828,0.0029914407,0.0033192679,-0.0032657732,-0.0024063322,0.005747748,-0.005357839,-0.00858813,-0.006930787,0.0027939845,0.006325709,-0.0020818843,-0.0035282508,0.0059526297,0.0017367026,-0.006570934,-0.0037991179,0.0060722153,0.00057760166,0.00025471344,-0.0019891916,0.008077532,0.0041465564,0.004135594,-0.0011905833,0.004104789,0.0052456935,0.0037888468,-0.004390338,0.0022180402,0.005792481,-0.007310118,-0.00986357,0.0005471116,0.00419779,-0.006842145,-0.0018931709,0.0013991625,-0.0043073585,0.0012066222,0.005044377,-0.0039051906,0.002877093,-0.006443386,-0.0020546287,0.0019093511,0.0029990543,-0.0039800867,-0.0058383844,-0.0029344219,-0.0040726755,0.003984684,-0.005405569,0.0035377515,0.0034472616,0.0019343728,-0.0021244942,-0.008618726,0.004224461,-3.7556645e-05,0.0048149973,0.004855639,-0.006006977,0.0013178369,0.0047935736,-0.0045339293,0.0049605668,-0.007887865,-0.0049576163,0.0011735052,0.007087561,-0.00025723467,-0.0040461053,-0.0049844207,-0.001623464,0.0009898352,-0.0028454543,0.00459841,0.0038515194,0.006473426,0.00094329397,-0.006011684,-0.0030698886,0.0046513523,0.010248198,0.0047643227,-0.0077223917,0.005178487,0.0029400263,-0.005871141,-0.007411458,0.0034142903,-0.0091768475,0.0021271524,-0.004813011,0.0002163165,0.006271074,0.0074862572,0.0069983955,0.0024577824,0.0074362247,0.0004691896,-0.0015173457,-0.006187799,0.00090676424,0.007961432,-0.004337405,-0.0008411447,0.008970677,0.008749224,0.0033461428,-0.0033936042,-0.005071664,0.008080274,-0.006593695,0.004702857
6,0.00083691854,0.0009769017,-0.0064748656,-0.0022417193,-0.0065522073,0.0055563524,-0.0019834135,0.0063349213,-0.00015434892,-0.0053494433,-0.006945689,-0.006977118,-0.003006583,0.005979117,0.002472133,0.0047638714,0.0022023504,0.0037206928,-0.0022522658,0.0040850416,-0.0047861454,0.0027972227,0.0041330005,-6.668567e-05,0.0033733617,0.0058760727,0.010665053,0.0067817434,-8.525796e-05,-0.007370579,0.0063107037,0.0004923219,0.0016094798,0.005173795,0.0022559594,0.006080705,-0.00066813367,0.00093514466,-0.005072019,-0.0053852466,-0.0014726139,-0.0005576731,-0.004521676,-0.006480957,-0.0031312094,0.0006847112,-0.0013260371,-0.0048183743,0.0056092604,-0.0046560946,-0.00826449,0.006586362,0.01052652,-0.0006630151,-0.0062248013,-0.004910122,-0.0024736223,-0.0036218015,-0.0014007624,-0.0046158684,0.0026110688,0.005903509,-0.0027173217,0.0043488094,-0.0032290553,0.006301145,-7.863946e-05,-0.005983182,2.8718176e-05,0.0043019443,-0.0012141338,-0.0022574747,-0.0069839866,-0.0032492627,0.0018597827,0.006921178,-0.0021197326,0.0072824545,-0.0065808287,0.0020575714,-0.00580528,-0.0039150175,0.0065522855,-0.0014511046,-0.0028241354,-0.0006401496,-0.00311144,-0.0030980678,0.0076514226,0.0017372152,0.0042635016,-0.0018157766,-0.007128548,-0.0012141939,-0.0039181574,-0.006566972,0.011009335,0.0063142204,0.0070398683,0.0028765588,0.004420269,-0.0045199273,-0.008348298,-0.0067690318,-0.008201351,0.0035347433,0.002056777,0.0009902898,0.0050431606,0.0005576618,-0.0018636357,0.0032632,0.0059350906,-0.0021111027,0.0005875149,-0.007187908,-0.001717952,0.005513006,-0.0026095184,0.004193518,0.00782206,0.00021745008,-0.003348075,-0.00030113905,0.0077029457,-0.0033375167,-0.003225121,-0.0006716827
7,0.006092645,0.004566478,0.0010034275,0.0074524693,0.0059290156,0.003952737,0.006654774,0.004164094,-0.003521208,0.0032605014,-0.0066389386,-0.0024182592,0.0062838574,0.007469554,0.004809679,-0.0025418052,-0.00417247,0.0015508367,-0.0052762353,0.00042077753,-0.0042314255,0.0054940516,-0.0038315419,0.0016374356,-0.0041534156,0.0054874243,0.008923928,0.0045739347,-0.0040205778,0.0009038628,0.0040605585,-9.50745e-05,-0.004601267,0.00581357,-0.0038002469,-0.0036197628,0.0006268932,0.008225733,-0.006143419,-0.0049820472,-0.0062348796,0.00583108,0.002113091,-0.0034801327,-0.0047869557,-0.0058356137,-0.0012268522,0.0038348334,-0.0017923927,0.0040879156,0.002456547,0.005153596,-0.0038975931,-0.0068227174,-0.0067939367,-0.0066528167,-0.007437932,-0.00085325865,0.006389541,0.003075638,0.0051514036,-0.0038686232,0.00068165234,-0.0003925918,0.0071534663,-0.0058672368,0.0025488217,-0.0052119936,0.005392243,-0.007145995,0.0015456887,0.0040782066,0.0019181233,-0.004117198,0.0050189067,0.0014718927,-0.0066200364,0.0018616584,-0.0022083956,-0.0024466247,0.0048223916,-0.00055164465,0.00018571317,-0.00843431,-0.0021856576,5.2471318e-05,0.0034163124,-0.0049408977,0.004870554,0.0011329592,-0.0048452597,-0.0035142018,-0.00129459,-0.008575173,-0.0031880098,-0.0076090735,0.0076648556,0.007048107,0.0031476514,-0.006790863,0.0025613166,-0.00021457241,0.0057386733,-0.0044043926,-0.0016040872,-0.0053029517,0.006629966,0.004752616,-0.0011807741,-0.00014504656,0.0016095821,0.003848882,-0.0020348155,-0.005361779,0.0031909514,-0.002708002,0.0002808233,0.0024606735,-0.0013287815,0.008900987,1.9414001e-05,0.0073908074,-0.000513959,0.0039402847,-0.0015559332,-0.003357548,-0.005636992,-0.004338851
8,0.002022772,-0.010463466,-0.004235697,0.006521305,-0.0016697727,-0.0010488633,-0.009672353,0.0054928833,0.0031206456,-0.0010831169,0.0016797847,-0.007001295,-0.0033833138,0.003621243,2.5761097e-05,-0.00010020028,0.0014149679,0.009936347,0.00083087414,-0.0072637103,0.00048202756,0.0047930228,0.00668389,-0.002558276,-0.0057427566,0.004127704,0.009463418,0.00063423376,-0.0016317021,-0.0028447702,0.0062688435,0.008624124,0.005389301,-0.002274997,-0.0049590515,-0.0050568026,-0.0025531694,-0.0013970259,0.005173711,-3.23687e-05,-0.00511828,0.0018167053,0.0063261664,-0.006068722,-0.00996698,-3.1229887e-05,-0.005000866,0.0049196705,0.0005172706,-0.0038088253,0.003738028,0.0008007194,0.00038611185,-0.0020626285,-0.0017182089,-0.006848233,-0.0028579205,-0.000318951,0.00465884,-0.0029439805,-0.0026997328,0.007025627,-0.006950949,0.0022297746,-0.002726197,0.008546199,-0.0007754504,-0.0033992738,0.008451679,-0.0065378025,-0.008758403,-0.0063554533,0.00061674166,0.00468201,-0.0075129564,-0.003137366,-0.004474147,0.005717339,-0.0053608012,0.00014770193,0.0072179786,0.0073065716,0.009388728,-0.0060228966,-0.0030569062,-0.009509609,0.003632971,0.00074120035,-0.006504358,0.0037268135,-0.00671624,-0.0032244197,-0.007842268,1.3977203e-06,-0.0023604645,-0.0075897453,0.0017329656,0.0083125895,0.0021613343,-0.007608048,0.0043137693,0.0021320556,-0.0045177382,-0.0049578086,0.00024057848,-0.0061832382,-0.0004569389,-0.0036286332,0.0034152237,-0.002188388,-0.0041337856,0.0019830377,0.002252079,-0.0027377368,0.008588857,-0.0063062836,0.0016125666,-0.0051478064,0.0019403752,0.008930097,0.008086128,-0.004273091,-0.0038257018,0.0005526189,-0.00266553,0.0049990583,0.0015497027,0.0060624536
9,0.009828647,-0.0038757725,0.00030943702,0.0006522139,0.0050436063,-0.0033709852,0.004079645,0.003108624,0.004868505,-0.0041109486,-0.0034476763,-0.00020791247,-0.0032670186,-0.0062916875,-0.0040872735,0.0014400097,-0.007361592,0.0030702865,0.0021958575,-0.0050875642,-0.0018838366,0.0066298475,0.0052705104,0.0025780748,-0.006687442,0.002841383,0.008123424,0.0073648095,-0.0071881325,0.0050181407,0.0029075379,-0.0016328803,0.005143434,0.0073189223,0.002075804,-0.0047054724,0.0037691458,-0.005398076,0.008216158,-0.0037833385,0.002005654,0.0033997134,0.0058329552,-0.0021967653,-0.0040255976,0.0033229652,0.0037346906,0.0016116855,-0.0060349028,-0.0009347263,-0.0064277113,0.0018057271,0.007419349,0.008077237,0.007550912,-0.0057199914,0.0043733073,-0.004471002,-0.005047766,0.004953186,-0.0064935796,-0.005905929,0.0065874187,0.0035111427,0.0036916053,0.007024646,-0.0064978567,-0.0036493354,0.00256545,-0.0033583913,-0.0056671617,0.0010083221,0.0024626595,-0.0038671454,-0.00071390107,-0.0013509028,9.231564e-06,0.0022357604,0.005519221,0.005917642,-0.0024698488,-0.0021897787,-0.0020585055,-0.0020271058,0.002968594,-0.005262476,-0.0051111747,-0.005607484,-0.00082964735,-0.0080737015,0.004566741,0.001268556,-7.189663e-05,0.005848727,-0.0062339096,-0.0029261713,0.007958822,0.009032234,0.0037094052,0.0029758743,0.0069374284,0.0037264314,-0.009845938,0.005723663,-0.0050069964,-0.0063773016,-0.0019573576,0.006500543,0.00010797978,0.0023921106,-0.0028614597,0.0038627365,0.004005954,-0.002939857,0.009032671,0.003488953,0.004985164,0.0019398478,0.0020394814,0.0030921386,-0.00087975385,0.005358471,0.006557871,-0.0019849695,0.00010132494,0.00052078406,-0.005553106,0.0009662354
